 ,1.1 Положение о Совете профилактики безнадзорности и правонарушений:,1.2 Положение о постановке обучающихся и семей на внутришкольный учет (ВШУ):,1.3 Положение о разработке и реализации плана индивидуальной профилактической работы,1.4 Положение о Служба школьной медиации (СШМ),1.5 Положение о психолого-педагогическом консилиуме,1.6 Положение о Штабе воспитательной работы (ШВР),1.7 Локальные акты утверждены руководителем ОО и размещены на официальном сайте образовательной организации в соответствии с установленными требованиями законодательства,1.8 Анализ воспитательного процесса включается в календарный план воспитательной работы,1.9 В рабочей программе воспитания профилактическая работа представлена инвариантным модулем «Профилактика и безопасность»,"1.10 В рабочей программе воспитания в разделе «Уклад образовательной организации» приведены дополнительные характеристики анализа контингента обучающихся, их семей, иные его особенности.",1.11 План профилактической работы является:,1.12 Наличие программ и проектов профилактической направленности по:,1.13 Организация деятельности классных руководителей:,1.14 Организация деятельности педагогов-психологов:,1.15 У социального педагога есть перспективный план работы на текущий учебный год:,Сумма 1,2.1 В образовательной организации проводится социально-психологическое тестирование (АИС СПТ):,2.2 В образовательной организации организована работа по прохождению обучающимися профилактического медицинского осмотра (ПМО):,2.3 В образовательной организации создана/работает Служба школьной медиации (СШМ):,Сумма 2,"3.1 Доля обучающиеся, состоящих на различных видах учета:",3.2 Организация индивидуальной профилактической работы,"3.3 Результаты реализации плана ИПР по каждому обучающемуся рассматриваются на Совете профилактики, обучающиеся с суицидальным поведением на ППк.",3.4 Постановка на ВШУ и снятие с учета:,"3.5 На каждого обучающегося, поставленного на ВШУ имеются наблюдательные (накопительные) дела.",3.6 Охват обучающихся программами дополнительного образования:,3.7 Организация летнего отдыха обучающихся:,Сумма 3,4.1 В образовательной организации проведены запланированные профилактические мероприятия с обучающимися.,4.2 Обучающиеся принимают участие в конкурсах социокультурной направленности:,4.3 Обучающиеся принимают участие в мероприятиях профилактической направленности:,"4.4 В образовательной организации проводится фестиваль/конкурс проектных работ, в котором есть направление, касающихся вопросов культуры здорового образа жизни.","4.5 Обучающиеся принимают участие в конкурсах проектных и исследовательских работ с темами, касающимися вопросов культуры здорового образа жизни:",4.6 В планы работы классных руководителей включены:,"4.7 Организация общественно полезной деятельности обучающихся, состоящих на различных видах учета:",4.8 В образовательной организации используются утвержденные нормативным документом психодиагностические методики (на основе региональных и/или федеральных рекомендаций).,Сумма 4,5.1 В образовательной организации проводятся не менее 4 совещаний при директоре по вопросам профилактики негативных проявлений и социальных рисков.,"5.2 В образовательной организации проводится не менее 2 педагогических советов, включающих вопросы профилактики негативных проявлений и социальных рисков.",5.3 В образовательной организации есть график прохождения курсов повышения квалификации педагогов по вопросам воспитания (в том числе по вопросам профилактики правонарушений и негативных явлений).,5.4 С целевыми группами педагогических работников в рамках методической работы проводится не менее 4 обучающих семинары по вопросам профилактики негативных проявлений и социальных рисков.,"5.5 Заместитель директора и осуществляет контроль за организацией профилактической работы в отдельных классах, по отдельным темам, профилактическим неделям.","5.6 В школе ведется системная работа с классными руководителями, в том числе по вопросу организации профилактической работы, проводятся:",5.7 Информационная открытость:,"5.8 Проведение при участии родителей не менее 4 рейдов в места массового скопления молодежи на территории, закрепленной за школой.","5.9 Проведение не менее 4 профилактических мероприятий, проведенных в ОО в межведомственном формате (в течение учебного года)",Сумма 5,Наличие в отчетный период суицидальных попыток среди обучающихся,Наличие в отчетный период среди обучающихся зафиксированных случаев правонарушений,"Наличие выявленных случаев вхождения обучающихся в экстремистские (и иные запрещенные) сообщества, в том числе в социальных сетях, в отчетный период",Общая сумма
1,13,5,5,5,9,6,1,1,6,0,2,4,1,11,7,76,6,5,5,16,1,9,1,2,1,2,0,16,1,2,2,1,0,2,0,1,9,1,1,0,1,1,2,6,1,1,14,,,,131
2,13,5,5,5,9,6,1,1,7,0,2,3,2,11,7,77,6,5,4,15,2,0,1,2,0,2,0,7,1,2,1,1,1,2,0,1,9,1,1,0,1,1,2,5,1,1,13,,,,121
3,13,5,4,5,9,6,1,1,8,1,2,3,1,11,7,77,6,5,6,17,2,0,1,3,1,2,0,9,1,2,2,1,2,2,1,1,12,0,0,1,0,1,2,0,1,1,6,,,,121
4,13,0,0,5,9,6,1,1,7,1,2,4,2,10,7,68,6,0,7,13,0,0,0,2,0,0,0,2,1,0,0,1,0,2,0,1,5,1,1,1,1,1,2,6,1,1,15,,,,103
5,13,5,5,5,9,6,1,1,6,1,2,4,2,10,7,77,6,5,7,18,2,0,1,2,1,2,0,8,1,2,2,1,1,2,1,1,11,0,1,1,0,1,2,5,0,1,11,,,,125
6,13,5,0,5,9,6,1,1,8,1,2,4,2,10,7,74,6,5,6,17,2,9,1,3,1,2,0,18,1,2,2,1,2,2,1,1,12,1,1,1,1,1,2,6,1,1,15,,,,136
7,13,5,5,5,9,6,1,1,8,1,2,4,2,11,7,80,6,5,6,17,2,9,1,3,1,2,6,24,1,2,2,1,2,2,2,1,13,0,1,1,1,1,2,6,1,1,14,,,,148
8,12,5,0,5,9,6,1,1,8,1,2,4,1,11,6,72,6,0,5,11,2,0,1,2,1,2,0,8,1,0,2,0,0,2,0,0,5,0,1,0,0,0,2,4,1,1,9,,,,105
9,13,5,5,5,9,6,1,1,8,1,2,4,2,11,6,79,6,4,4,14,2,0,1,3,1,2,0,9,1,2,2,0,0,2,2,1,10,1,1,0,1,1,2,6,1,1,14,,,,126
10,13,5,0,5,9,6,1,1,8,1,2,4,2,11,7,75,6,5,6,17,1,0,0,2,0,0,0,3,1,0,0,1,0,2,1,1,6,1,1,1,1,1,2,5,1,1,14,,,,115
11,13,5,5,5,9,6,1,1,8,1,2,4,2,11,6,79,6,0,5,11,1,0,1,3,0,2,5,12,1,2,2,0,0,2,2,1,10,1,1,0,1,1,2,5,1,1,13,,,,125
12,13,0,0,5,9,6,1,1,5,1,1,1,1,8,5,57,6,0,3,9,0,0,0,0,0,0,0,0,0,0,0,0,0,2,0,0,2,0,0,0,0,0,0,0,0,0,0,,,,68
13,13,0,0,5,9,6,1,1,6,1,2,4,2,10,6,66,6,0,4,10,0,0,0,2,0,0,0,2,1,0,0,0,0,2,1,0,4,1,1,1,0,0,1,5,1,0,10,,,,92
14,0,5,5,5,9,6,1,1,8,1,2,3,2,11,7,66,6,5,7,18,2,0,1,3,0,2,0,8,1,1,2,1,2,2,0,1,10,0,1,0,0,0,2,0,1,1,5,,,,107
15,13,5,5,5,9,6,1,1,8,1,2,4,2,11,7,80,6,0,6,12,2,9,1,2,1,2,0,17,1,2,2,1,0,2,1,1,10,1,1,1,1,1,2,6,1,1,15,,,,134
16,13,5,0,5,9,6,1,1,7,1,2,4,2,9,6,71,6,5,4,15,1,0,0,0,0,0,0,1,1,0,0,0,0,2,0,0,3,1,1,1,1,1,2,6,0,1,14,,,,104
17,13,5,5,5,9,6,1,1,7,0,2,4,2,10,6,76,6,5,5,16,2,0,0,2,1,2,0,7,1,2,2,1,2,2,2,1,13,1,1,0,1,1,2,6,1,1,14,,,,126
18,13,5,5,5,9,6,1,1,8,1,2,4,2,11,7,80,6,5,7,18,2,9,1,3,1,2,6,24,1,2,2,1,1,2,1,1,11,1,1,0,0,1,2,6,1,1,13,,,,146
19,13,5,5,5,9,6,1,1,5,0,1,4,2,11,7,75,6,5,7,18,2,9,1,3,1,2,6,24,1,2,2,1,2,2,2,1,13,1,1,0,1,1,2,6,1,1,14,,,,144
20,13,5,5,5,9,6,1,1,8,1,2,3,2,11,7,79,6,0,5,11,0,0,0,3,0,2,0,5,0,0,0,0,0,0,0,-,0,0,0,0,0,0,0,5,0,0,5,,,,100
21,13,5,0,5,9,6,1,1,3,1,1,4,2,11,7,69,6,2,4,12,2,9,1,2,1,1,0,16,1,2,2,1,2,2,0,1,11,1,1,1,1,1,2,5,1,1,14,,,,122
22,13,5,5,5,9,6,1,1,4,1,2,4,2,11,7,76,5,2,7,14,2,0,0,2,1,2,4,11,1,2,2,1,2,2,2,1,13,1,1,1,1,1,2,6,1,1,15,,,,129
23,11,5,4,5,7,5,1,1,7,0,1,4,1,11,7,70,6,3,5,14,0,8,1,3,1,2,5,20,1,1,1,1,2,2,1,1,10,1,1,0,1,1,2,6,0,0,12,,,,126
24,13,0,0,5,9,6,1,1,7,1,2,4,2,11,7,69,6,5,4,15,1,0,0,3,1,2,6,13,1,2,2,1,2,2,2,0,12,1,1,1,1,0,2,6,1,0,13,,,,122
25,13,5,5,5,9,6,1,1,8,1,2,4,2,11,7,80,6,5,7,18,2,9,1,3,1,2,6,24,1,2,2,1,2,2,2,1,13,1,1,1,1,1,2,4,1,1,13,,,,148
26,13,5,5,5,9,6,0,1,5,0,2,4,2,11,7,75,6,0,5,11,2,8,1,3,1,2,0,17,1,2,2,1,2,2,2,1,13,1,1,0,0,0,2,0,0,0,4,,,,120
27,13,5,5,0,9,6,1,1,8,1,2,4,2,11,7,75,6,5,0,11,1,0,0,3,1,1,0,6,1,2,2,1,2,2,1,1,12,1,1,1,1,1,2,6,1,1,15,,,,119
28,13,5,4,0,9,4,1,1,6,0,2,4,2,7,7,65,6,1,1,8,1,9,1,3,1,2,4,21,1,2,2,1,2,2,1,1,12,1,1,0,1,0,2,5,1,1,12,,,,118
29,13,0,0,5,9,0,0,1,7,0,2,4,1,11,7,60,5,5,6,16,1,0,0,0,0,2,0,3,0,0,0,1,0,2,2,0,5,1,1,0,1,0,2,0,1,1,7,,,,91
30,8,0,0,5,0,4,1,1,8,0,1,4,1,11,7,51,6,5,1,12,1,0,0,3,1,2,6,13,1,2,2,1,2,2,1,1,12,1,1,1,1,1,2,0,0,1,8,,,,96
31,13,5,5,5,9,6,1,1,8,1,2,4,2,10,7,79,6,5,1,12,2,0,1,3,1,2,5,14,1,2,2,0,2,2,2,1,12,0,1,0,1,1,1,0,1,1,6,,,,123
32,10,5,5,5,9,4,1,1,6,1,2,3,1,10,7,70,6,3,5,14,2,8,0,2,1,2,0,15,1,2,2,0,2,1,1,1,10,0,1,1,0,1,1,6,1,0,11,,,,120
33,12,5,5,5,9,6,1,1,7,1,1,3,1,7,7,71,6,0,1,7,2,0,1,3,1,2,0,9,1,2,2,1,0,2,2,0,10,1,1,0,1,1,2,5,1,1,13,,,,110
34,13,5,5,5,9,6,1,1,8,1,2,4,2,11,7,80,6,0,6,12,2,9,1,2,1,2,0,17,1,2,2,1,2,2,2,1,13,1,1,1,0,1,2,6,0,1,13,,,,135
35,12,4,4,5,8,5,0,1,4,0,2,2,1,10,7,65,6,3,4,13,1,5,1,3,1,2,5,18,1,2,2,1,2,2,2,1,13,0,1,0,1,1,2,5,1,1,12,,,,121
36,13,5,5,5,8,6,1,1,8,1,2,4,1,2,7,69,6,5,4,15,2,9,1,3,1,2,0,18,1,2,2,1,2,2,1,0,11,1,1,1,0,1,2,5,1,1,13,,,,126
37,13,5,5,5,9,6,1,1,8,1,2,4,2,11,7,80,6,0,7,13,2,9,1,3,1,2,5,23,1,2,2,1,2,2,2,1,13,1,1,1,1,1,2,6,1,1,15,,,,144
38,13,5,0,5,8,6,1,1,7,1,2,4,2,11,7,73,6,0,0,6,2,0,0,2,1,2,0,7,1,0,0,0,0,2,0,0,3,1,1,0,0,0,2,6,0,0,10,,,,99
39,13,5,5,5,9,6,1,1,7,1,2,4,2,11,0,72,6,5,6,17,2,9,1,3,1,2,6,24,1,2,2,1,2,2,2,1,13,1,1,1,1,1,2,6,1,1,15,,,,141
40,13,0,0,5,0,6,1,1,8,1,2,4,2,11,6,60,6,5,7,18,2,9,1,3,1,1,0,17,1,1,1,1,1,2,2,1,10,1,1,1,1,1,2,6,1,1,15,,,,120
41,12,5,5,5,9,6,1,1,8,1,2,4,2,11,7,79,6,5,7,18,2,0,0,2,0,2,0,6,1,2,2,1,2,2,2,1,13,1,1,1,1,1,2,6,0,0,13,,,,129
42,13,5,5,5,9,6,1,1,8,1,2,4,2,10,0,72,6,5,6,17,1,0,1,3,1,2,0,8,1,2,2,1,2,2,2,0,12,1,1,1,0,1,2,6,0,0,12,,,,121
43,13,5,5,5,9,6,1,1,8,1,2,4,2,10,0,72,6,1,6,13,2,0,1,3,1,2,6,15,1,2,2,1,2,2,2,1,13,1,1,0,1,1,2,5,0,0,11,,,,124
44,0,5,5,5,9,6,1,1,0,1,2,4,2,10,0,51,6,4,5,15,2,8,1,3,0,2,0,16,1,2,2,1,0,2,0,1,9,1,0,1,0,1,1,0,0,0,4,,,,95
45,13,5,0,5,9,6,1,1,8,1,2,4,2,11,0,68,6,0,5,11,1,0,0,1,0,0,0,2,1,0,0,0,0,2,2,1,6,1,1,1,1,0,2,0,1,0,7,,,,94
46,8,5,0,5,9,5,1,1,1,1,2,2,2,11,0,53,6,5,7,18,0,9,1,2,1,0,0,13,1,0,0,0,0,2,0,1,4,1,1,1,0,0,0,6,0,0,9,,,,97
47,13,5,5,5,9,6,1,1,8,1,2,4,2,11,0,73,6,5,7,18,0,0,0,2,0,0,0,2,1,0,0,1,0,2,2,1,7,1,1,1,1,1,2,6,0,1,14,,,,114
48,0,5,5,4,9,6,1,1,8,1,2,4,2,11,0,59,6,1,7,14,1,0,0,0,0,2,0,3,1,2,2,1,2,2,2,0,12,1,1,1,1,0,2,6,1,1,14,,,,102
49,12,4,5,5,9,5,1,1,7,1,2,4,1,8,0,65,6,4,6,16,2,9,0,2,0,2,5,20,1,2,2,1,2,2,0,1,11,1,1,1,0,0,2,6,0,0,11,,,,123
50,0,4,5,5,8,6,1,1,5,1,2,3,2,9,0,52,0,2,4,6,1,0,1,1,1,2,0,6,1,2,2,0,0,2,0,1,8,1,1,1,1,1,2,6,1,0,14,,,,86
51,12,5,5,5,8,5,1,1,8,1,2,1,2,10,6,72,6,5,7,18,2,0,1,2,1,2,0,8,1,2,2,1,2,2,2,1,13,0,1,1,1,1,2,6,0,1,13,,,,124
52,13,5,5,5,9,6,1,1,8,1,2,4,2,11,7,80,6,0,7,13,0,0,0,0,0,0,0,0,1,0,0,0,0,2,2,1,6,1,1,1,1,0,2,6,1,1,14,,,,113
53,13,5,5,5,9,6,1,1,8,1,2,1,2,11,7,77,6,5,5,16,2,0,1,2,1,2,0,8,1,2,2,1,2,2,2,0,12,1,1,1,1,0,2,5,0,1,12,,,,125
54,13,5,5,5,9,6,1,1,7,1,2,4,2,11,0,72,6,1,7,14,2,9,1,2,0,2,0,16,1,2,2,1,2,2,2,1,13,0,1,0,1,1,2,6,0,1,12,,,,127
55,13,0,5,5,8,6,1,1,0,1,2,4,2,10,0,58,6,5,6,17,1,0,1,3,1,2,0,8,1,2,2,1,2,2,2,1,13,1,0,0,0,0,0,6,0,0,7,,,,103
56,13,5,0,5,9,6,1,1,8,1,2,4,2,11,0,68,6,5,7,18,1,0,1,3,1,0,0,6,1,0,0,1,0,2,2,1,7,1,1,1,1,1,2,6,1,1,15,,,,114
57,13,5,0,5,9,6,1,1,8,1,2,4,1,11,0,67,6,3,7,16,1,0,0,2,0,0,0,3,1,0,0,0,0,2,2,0,5,1,1,1,0,0,2,6,0,0,11,,,,102
58,12,4,1,4,0,5,1,1,5,1,2,3,2,7,6,54,6,4,3,13,1,0,0,2,1,0,0,4,1,0,0,1,0,0,0,1,3,0,1,0,0,0,0,5,0,0,6,,,,80
59,12,5,5,5,9,6,1,1,6,1,1,4,1,11,7,75,6,0,5,11,2,0,1,2,1,2,0,8,1,2,2,1,2,2,2,1,13,1,0,1,0,1,2,6,0,1,12,,,,119
60,13,0,5,5,9,6,1,1,8,1,2,4,2,11,7,75,6,5,6,17,2,7,1,3,1,0,0,14,1,0,0,0,0,2,0,1,4,1,1,1,1,1,2,0,0,0,7,,,,117
61,12,0,5,5,9,6,1,1,8,1,1,2,2,10,6,69,6,5,7,18,2,0,1,2,1,0,0,6,1,0,0,1,0,2,2,1,7,1,1,0,1,1,2,6,0,0,12,,,,112
62,13,5,5,5,9,6,1,1,8,1,2,4,2,11,7,80,6,0,5,11,2,9,1,2,1,2,0,17,1,2,2,1,0,2,1,1,10,1,1,1,1,1,2,6,0,1,14,,,,132
63,13,5,5,5,9,6,1,0,2,0,2,4,1,11,6,70,6,0,6,12,2,8,1,2,1,0,0,14,1,2,1,1,0,1,2,1,9,1,0,0,0,0,2,5,0,1,9,,,,114
64,13,5,0,5,9,6,1,0,4,0,2,4,1,10,6,66,6,0,6,12,2,9,1,2,1,0,0,15,1,2,0,1,0,2,2,1,9,1,0,0,0,1,2,5,0,1,10,,,,112
65,13,5,5,5,9,6,1,1,6,1,2,3,1,10,5,73,6,5,6,17,2,8,0,2,1,2,0,15,1,0,2,0,0,2,0,0,5,1,1,0,0,0,0,6,0,0,8,,,,118
66,13,5,0,5,9,6,1,1,6,1,2,4,2,10,7,72,6,0,6,12,2,0,1,2,1,2,0,8,1,2,2,0,2,2,2,1,12,1,1,1,1,1,2,6,0,0,13,,,,117
67,13,5,5,5,9,6,1,1,8,1,2,4,2,11,7,80,6,5,7,18,0,0,0,2,1,0,6,9,0,2,2,1,2,2,2,1,12,0,1,1,1,1,2,0,0,1,7,,,,126
68,13,5,4,4,9,3,1,0,7,1,0,4,2,11,7,71,6,1,3,10,1,9,0,3,0,2,5,20,1,0,0,0,0,2,0,0,3,0,1,0,0,1,1,6,0,0,9,,,,113
69,13,5,5,5,9,6,1,1,8,1,2,4,2,11,7,80,6,5,7,18,2,9,1,3,1,2,6,24,1,2,2,1,2,2,2,1,13,1,1,1,1,1,2,6,1,1,15,,,,150
70,13,5,5,5,9,6,1,1,8,1,2,4,1,11,7,79,6,5,7,18,2,9,1,3,1,2,0,18,1,2,2,1,0,2,1,1,10,1,1,0,1,1,2,0,1,1,8,,,,133
71,13,5,5,5,9,6,1,1,8,1,2,4,2,11,7,80,6,5,6,17,2,9,1,3,1,2,6,24,1,2,2,1,2,2,2,1,13,1,1,1,1,1,2,6,1,1,15,,,,149
72,13,5,5,5,9,6,1,1,8,1,2,4,2,11,7,80,6,5,6,17,2,9,1,3,1,2,0,18,1,2,2,1,2,2,1,1,12,1,1,1,1,1,2,6,0,1,14,,,,141
73,13,5,5,5,9,6,1,1,3,1,2,1,1,8,7,68,6,5,6,17,2,9,0,2,1,2,4,20,1,2,2,1,2,2,1,1,12,0,1,0,0,1,2,6,0,1,11,,,,128
74,13,5,5,5,9,6,1,1,7,1,2,4,2,11,7,79,6,0,7,13,2,9,1,2,0,2,5,21,1,2,2,1,1,2,1,1,11,1,1,1,0,1,2,6,1,1,14,,,,138
75,13,5,5,0,9,6,1,1,6,1,2,4,2,11,7,73,6,5,5,16,1,0,1,3,1,2,0,8,1,2,2,1,0,2,2,0,10,0,0,0,0,1,0,6,1,1,9,,,,116
76,13,5,0,5,9,6,1,1,8,1,2,4,2,10,7,74,6,0,1,7,1,9,1,3,0,0,0,14,1,0,0,0,0,2,0,0,3,1,1,0,0,1,2,0,0,1,6,,,,104
77,12,5,5,0,9,6,1,1,0,0,2,4,2,9,6,62,6,5,1,12,0,0,1,3,1,2,0,7,1,0,0,0,2,2,2,1,8,1,1,1,1,1,2,0,0,1,8,,,,97
78,12,5,5,0,9,6,1,1,8,1,2,4,2,11,7,74,6,5,0,11,2,0,1,3,0,2,5,13,1,2,2,1,2,2,2,0,12,1,1,1,0,1,2,6,1,1,14,,,,124
79,13,5,5,5,9,6,1,1,4,1,2,4,1,10,7,74,5,0,0,5,2,9,1,3,1,2,0,18,1,2,2,0,0,2,0,1,8,1,1,0,0,1,2,0,1,1,7,,,,112
80,13,5,5,0,9,6,1,1,8,1,2,4,2,11,7,75,6,5,7,18,2,9,1,3,1,2,6,24,1,2,2,1,2,2,2,1,13,1,1,1,1,1,2,6,1,1,15,,,,145
81,13,5,5,5,9,6,1,1,6,1,2,3,2,10,6,75,6,5,1,12,2,0,0,2,1,2,0,7,1,2,2,1,1,2,2,0,11,1,1,1,0,1,1,0,1,1,7,,,,112
82,13,5,0,0,0,6,1,1,6,1,2,4,2,10,7,58,6,5,7,18,2,9,1,3,1,2,6,24,1,2,2,1,2,2,1,1,12,1,1,1,1,1,2,6,1,1,15,,,,127
83,13,5,5,5,9,6,1,1,8,1,2,4,2,11,7,80,6,0,7,13,2,9,1,3,1,2,6,24,1,2,2,1,2,2,2,1,13,1,1,1,1,1,2,6,1,1,15,,,,145
84,13,5,5,5,9,6,1,1,8,1,2,4,2,11,7,80,6,4,7,17,2,0,1,3,1,2,0,9,1,2,2,1,2,2,1,1,12,1,1,1,1,1,2,6,1,1,15,,,,133
85,12,5,5,0,0,6,1,1,8,1,2,4,1,0,7,53,6,5,0,11,1,9,1,3,1,2,6,23,0,0,0,0,0,0,0,0,0,0,1,0,0,1,2,5,0,0,9,,,,96
86,13,5,5,5,9,6,1,1,8,1,2,4,2,11,0,73,6,5,5,16,2,0,1,3,1,2,0,9,1,2,2,1,2,2,2,1,13,1,1,1,1,1,2,6,1,1,15,,,,126
87,12,5,5,5,0,6,1,1,8,0,2,4,1,11,6,67,6,3,4,13,2,9,1,3,1,2,0,18,1,2,2,0,0,2,0,0,7,1,1,0,0,1,2,5,0,1,11,,,,116
88,13,5,5,5,9,6,1,1,8,1,2,4,2,11,0,73,6,0,1,7,2,0,0,3,1,2,5,13,1,2,2,1,1,2,2,1,12,1,1,1,1,1,2,6,1,1,15,,,,120
89,13,5,5,5,9,6,1,1,8,1,2,3,2,0,0,61,6,5,7,18,2,0,1,3,1,2,6,15,1,2,2,1,2,2,2,1,13,1,1,1,1,1,2,5,1,1,14,,,,121
90,13,5,5,5,9,6,1,1,8,1,2,4,2,4,0,66,6,0,3,9,1,0,0,3,1,2,0,7,1,0,2,1,0,2,2,1,9,1,1,1,1,1,2,0,1,0,8,,,,99
91,13,5,5,5,9,6,1,1,8,1,2,4,1,10,2,73,6,3,6,15,2,0,1,2,0,0,0,5,1,2,2,1,2,2,2,1,13,1,1,1,0,1,2,6,0,0,12,,,,118
92,13,5,0,5,9,6,1,1,8,1,2,4,2,11,7,75,6,0,7,13,2,0,0,3,1,2,0,8,1,2,2,1,2,2,2,1,13,1,1,1,0,1,2,6,1,1,14,,,,123
93,13,5,0,5,9,6,1,1,8,1,2,4,2,11,0,68,6,3,6,15,1,9,0,3,1,0,0,14,1,0,2,1,2,2,0,1,9,1,1,1,0,1,2,0,1,1,8,,,,114
94,0,5,0,4,7,3,1,1,2,0,2,4,2,8,2,41,6,3,6,15,1,0,1,2,1,2,5,12,1,0,0,0,0,2,1,0,4,1,1,1,0,0,1,0,1,1,6,,,,78
95,13,0,0,5,9,6,1,1,8,1,2,3,2,11,7,69,6,5,5,16,2,9,1,2,1,0,0,15,1,2,0,0,0,2,2,0,7,1,1,1,0,1,0,6,1,1,12,,,,119
96,13,5,5,4,9,6,1,1,8,1,2,4,2,11,7,79,6,5,7,18,1,0,1,3,1,2,6,14,1,2,2,1,2,2,2,1,13,1,1,1,0,1,2,6,1,0,13,,,,137
97,13,5,5,5,0,6,1,0,8,1,0,2,2,11,7,66,6,0,5,11,0,0,1,2,0,2,0,5,0,0,0,1,0,2,1,0,4,0,1,0,0,1,2,6,0,0,10,,,,96
98,0,5,0,5,9,5,1,1,7,1,1,4,1,10,0,50,6,0,4,10,1,0,0,0,1,0,0,2,1,0,0,1,0,2,1,0,5,0,1,0,0,0,2,0,0,0,3,,,,70
99,13,5,5,5,9,6,1,1,8,1,2,4,2,11,7,80,6,5,7,18,2,9,1,3,1,2,4,22,1,1,1,1,1,2,0,1,8,1,1,1,1,1,2,0,1,1,9,,,,137
100,11,5,5,5,9,5,1,1,2,0,1,4,2,11,2,64,6,5,7,18,0,8,0,3,1,2,6,20,1,0,0,1,0,1,0,1,4,1,1,1,1,1,1,6,1,0,13,,,,119
101,12,5,5,4,9,5,1,1,6,1,2,4,1,10,6,72,0,3,7,10,2,9,1,3,1,2,5,23,1,1,0,0,0,2,0,1,5,1,0,1,0,1,2,6,1,0,12,,,,122
102,10,5,0,5,8,3,1,1,1,1,1,2,2,6,3,49,5,0,5,10,0,0,0,0,0,0,0,0,1,2,2,1,2,2,0,1,11,1,1,1,0,0,1,0,1,1,6,,,,76
103,13,5,5,5,9,6,1,1,8,1,2,4,2,11,7,80,6,0,4,10,2,0,0,2,1,0,0,5,1,2,2,1,0,2,0,1,9,0,1,0,0,1,2,6,0,1,11,,,,115
104,13,5,5,4,8,6,1,1,8,1,2,4,2,11,7,78,6,5,7,18,2,9,1,2,0,0,0,14,1,2,2,1,2,2,0,1,11,1,1,1,0,1,2,6,1,1,14,,,,135
105,13,5,5,5,9,6,1,1,7,1,2,4,2,11,7,79,6,5,6,17,2,9,1,3,1,2,6,24,1,2,2,1,2,2,2,1,13,1,1,1,1,1,2,6,1,1,15,,,,148
106,13,5,5,5,9,5,1,1,6,1,1,4,2,8,0,66,6,1,5,12,2,0,0,3,1,2,5,13,1,2,2,1,2,2,1,0,11,1,1,0,1,1,2,6,1,1,14,,,,116
107,12,5,5,5,0,6,1,1,5,1,2,4,2,8,5,62,6,0,5,11,0,0,1,3,1,2,0,7,1,0,2,0,0,2,2,0,7,1,0,1,0,1,0,0,0,0,3,,,,90
108,13,5,5,5,9,6,1,1,8,1,2,4,2,10,7,79,6,0,5,11,1,0,0,3,1,0,0,5,1,0,0,1,0,2,0,1,5,1,1,1,1,1,2,6,0,0,13,,,,113
109,13,5,5,5,9,6,1,1,8,1,2,4,2,11,7,80,6,0,7,13,0,0,0,3,0,0,0,3,1,0,0,1,0,2,2,1,7,1,1,1,0,1,2,6,0,1,13,,,,116
110,13,5,5,5,9,6,1,1,8,1,2,4,2,11,7,80,6,5,7,18,1,0,1,3,1,2,6,14,1,0,2,1,2,2,2,1,11,1,1,1,1,1,2,6,1,1,15,,,,138
111,13,5,5,5,9,6,1,1,7,0,2,0,2,11,7,74,0,0,0,0,2,0,1,3,1,2,5,14,1,2,2,1,2,2,2,0,12,1,1,1,1,1,2,6,1,1,15,,,,115
112,13,5,5,5,0,6,1,1,8,1,2,4,2,11,0,64,6,5,7,18,0,0,0,0,0,0,0,0,1,2,2,1,2,2,2,1,13,1,1,1,1,1,2,6,1,1,15,,,,110
113,11,2,5,5,9,6,1,1,8,1,2,4,2,11,7,75,6,1,7,14,0,0,0,0,0,0,0,0,1,0,0,0,0,2,0,0,3,1,0,0,0,0,0,6,0,0,7,,,,99
114,0,5,5,4,9,5,1,1,3,1,2,3,1,10,7,57,6,0,7,13,2,0,1,2,1,2,0,8,1,2,2,1,2,2,1,0,11,0,1,0,0,1,1,0,0,1,4,,,,93
115,13,5,5,5,9,6,1,1,8,1,2,4,2,11,7,80,6,5,7,18,2,9,1,3,1,2,6,24,1,2,2,1,2,2,2,1,13,1,1,1,1,1,2,6,1,1,15,,,,150
116,13,5,5,5,9,6,1,1,8,1,2,4,2,11,7,80,6,5,7,18,2,9,1,3,1,2,4,22,1,2,2,1,2,2,2,1,13,1,1,1,1,1,2,6,1,1,15,,,,148
117,13,5,5,5,9,6,1,1,8,1,2,4,2,11,7,80,6,5,7,18,2,9,1,3,1,2,5,23,1,2,2,1,2,2,2,1,13,1,1,1,1,1,2,6,0,1,14,,,,148
118,13,5,5,5,9,6,1,1,8,1,2,4,2,11,7,80,6,5,7,18,2,9,1,3,1,2,6,24,0,2,2,1,2,2,2,1,12,0,1,1,1,1,2,6,1,1,14,,,,148
119,12,5,5,5,9,6,1,1,8,1,2,4,2,11,7,79,6,5,7,18,2,9,1,3,1,2,5,23,1,2,2,1,2,2,2,1,13,0,1,1,1,1,2,6,1,1,14,,,,147
120,13,5,5,5,9,6,1,1,8,1,2,4,2,11,7,80,6,5,6,17,2,9,1,3,1,2,5,23,1,2,2,1,2,2,2,0,12,1,1,1,1,1,2,6,0,1,14,,,,146
121,13,5,5,5,9,6,1,1,8,1,2,4,2,11,7,80,6,5,7,18,2,9,1,2,1,2,6,23,1,2,2,1,2,2,2,1,13,1,1,0,0,1,2,6,0,1,12,,,,146
122,13,5,5,5,9,6,1,1,8,1,2,4,2,11,7,80,6,5,4,15,2,9,1,3,1,2,4,22,1,2,2,1,2,2,2,1,13,1,1,1,1,1,2,6,1,1,15,,,,145
123,13,5,5,5,9,6,1,1,8,1,2,4,2,11,7,80,6,5,5,16,2,6,1,3,1,2,5,20,1,2,2,1,2,2,2,1,13,1,1,1,1,1,2,6,1,1,15,,,,144
124,13,5,5,5,9,6,1,1,8,1,2,4,2,11,7,80,0,5,7,12,2,9,1,3,1,2,6,24,1,2,2,1,2,2,2,1,13,1,1,1,1,1,2,6,1,1,15,,,,144
125,13,5,5,5,9,6,1,1,8,1,2,4,2,11,7,80,6,5,7,18,2,9,1,3,1,2,0,18,1,2,2,1,2,2,2,1,13,1,1,1,1,1,2,6,1,1,15,,,,144
126,13,5,5,5,9,6,1,1,8,1,2,4,2,11,7,80,6,5,7,18,2,9,1,3,1,2,0,18,0,2,2,1,2,2,2,1,12,1,1,1,1,1,2,6,1,1,15,,,,143
127,13,5,5,5,9,6,1,1,8,1,2,4,2,11,7,80,6,5,4,15,2,9,1,3,1,2,5,23,1,2,2,1,2,2,0,1,11,1,1,1,0,1,2,6,1,1,14,,,,143
128,13,5,5,5,9,5,1,1,7,1,2,4,2,11,7,78,6,4,6,16,2,9,1,2,1,2,5,22,1,2,2,1,2,2,2,1,13,1,1,1,1,1,2,6,0,1,14,,,,143
129,13,5,5,5,9,6,1,1,8,1,2,4,2,11,7,80,6,5,6,17,2,9,1,3,1,2,0,18,1,2,2,1,2,2,2,1,13,1,1,1,1,1,2,6,0,1,14,,,,142
130,13,5,5,5,9,6,1,1,8,1,2,4,2,11,7,80,6,5,7,18,2,9,1,2,1,2,3,20,1,2,2,0,2,2,1,1,11,1,0,1,1,1,2,6,0,1,13,,,,142
131,13,5,5,5,9,6,1,1,8,1,2,4,2,10,7,79,6,0,7,13,2,9,1,3,1,2,6,24,1,2,2,1,2,2,2,1,13,1,1,0,1,1,2,6,0,1,13,,,,142
132,13,5,5,5,9,6,1,1,8,1,2,4,2,11,7,80,6,5,7,18,1,9,1,3,1,2,0,17,1,2,2,1,2,2,2,1,13,1,1,0,1,1,2,6,1,1,14,,,,142
133,13,5,5,5,9,6,1,1,8,1,2,4,1,11,7,79,0,5,7,12,2,9,1,3,1,2,6,24,1,2,2,1,2,2,1,1,12,1,1,0,1,1,2,6,1,1,14,,,,141
134,13,5,5,5,9,6,1,1,8,1,2,4,2,11,7,80,6,5,5,16,2,9,1,3,1,2,0,18,1,2,2,1,2,2,1,1,12,1,1,1,1,1,2,6,1,1,15,,,,141
135,13,5,5,5,9,6,1,1,8,1,2,4,2,11,7,80,6,5,6,17,2,9,1,2,1,2,0,17,1,2,2,1,2,2,2,1,13,1,1,1,1,1,2,6,0,1,14,,,,141
136,13,5,5,5,9,6,1,1,8,1,2,4,2,11,7,80,6,5,6,17,2,9,1,2,1,2,0,17,1,2,2,1,2,2,1,1,12,1,1,1,1,1,2,6,0,1,14,,,,140
137,12,5,5,5,9,6,1,1,8,1,2,4,2,11,7,79,6,5,6,17,2,9,0,2,1,2,0,16,1,2,2,1,2,2,2,1,13,1,1,0,1,1,2,6,1,1,14,,,,139
138,13,5,5,5,9,6,1,1,8,1,2,4,1,11,7,79,6,5,7,18,2,9,1,2,1,2,0,17,0,2,2,1,2,2,1,1,11,1,1,1,1,1,2,6,1,0,14,,,,139
139,13,5,5,5,9,6,1,1,8,1,2,4,2,11,7,80,6,5,5,16,2,9,1,3,1,2,0,18,1,2,2,0,0,2,1,1,9,1,1,1,1,1,2,6,1,1,15,,,,138
140,13,5,5,5,9,6,1,1,8,1,2,4,2,11,7,80,0,5,6,11,2,9,1,3,1,2,0,18,1,2,2,1,2,2,2,1,13,1,1,1,1,1,2,6,1,1,15,,,,137
141,13,5,5,5,9,6,1,1,8,1,2,4,2,11,7,80,6,0,6,12,2,9,1,3,1,2,0,18,1,2,2,1,2,2,1,1,12,1,1,1,1,1,2,6,1,1,15,,,,137
142,13,5,0,5,9,6,1,1,8,1,2,4,2,11,7,75,6,5,6,17,2,9,1,2,1,2,0,17,1,2,2,1,2,2,2,1,13,1,1,1,1,1,2,6,1,1,15,,,,137
143,12,5,5,5,9,6,1,1,8,1,2,4,2,11,7,79,6,5,5,16,2,9,1,3,1,2,0,18,1,2,2,1,2,2,0,1,11,1,1,0,1,1,2,6,0,1,13,,,,137
144,11,5,5,5,9,6,1,1,8,1,2,4,1,11,7,77,6,5,7,18,2,9,1,3,1,2,0,18,1,0,2,1,2,2,2,0,10,1,1,0,1,1,2,6,0,1,13,,,,136
145,13,5,5,5,9,6,1,1,8,1,2,4,2,10,7,79,6,5,6,17,2,9,1,2,1,0,0,15,1,2,2,0,1,2,2,1,11,1,1,1,1,1,2,6,0,1,14,,,,136
146,13,5,5,5,9,6,1,1,8,1,2,4,2,11,7,80,6,5,6,17,2,9,1,2,1,1,0,16,1,2,2,1,2,2,2,1,13,1,1,1,1,1,2,0,1,1,9,,,,135
147,13,5,5,5,9,6,1,1,8,1,2,4,2,11,7,80,6,5,5,16,2,9,1,2,1,2,0,17,1,2,2,1,0,2,0,1,9,1,1,0,1,1,2,6,0,1,13,,,,135
148,12,5,5,5,9,6,1,1,8,1,2,4,2,11,7,79,0,5,7,12,2,9,1,3,1,2,0,18,1,2,2,1,0,2,2,1,11,1,1,1,1,1,2,6,0,1,14,,,,134
149,12,5,5,5,9,5,1,1,6,1,1,4,2,9,7,73,5,5,5,15,2,9,1,2,1,1,4,20,1,2,2,1,2,2,2,1,13,1,1,1,1,1,1,6,0,1,13,,,,134
150,13,5,5,5,9,6,1,1,8,1,2,4,2,11,7,80,0,0,5,5,2,9,1,3,1,2,4,22,1,2,2,1,2,2,2,1,13,1,1,1,0,1,2,6,0,1,13,,,,133
151,13,5,5,5,9,5,1,1,8,1,2,4,2,11,7,79,6,0,4,10,2,9,1,2,1,2,0,17,1,2,2,1,2,2,1,1,12,1,1,1,1,1,2,6,1,1,15,,,,133
152,13,5,5,5,9,6,1,1,8,1,2,4,2,10,7,79,6,5,6,17,2,9,1,2,1,0,0,15,1,2,2,0,0,2,1,1,9,1,1,1,0,1,2,6,0,1,13,,,,133
153,13,5,5,5,9,6,1,1,6,1,2,4,2,11,7,78,6,4,7,17,2,9,1,3,1,1,0,17,1,1,1,0,1,2,1,0,7,1,1,0,1,1,2,6,1,1,14,,,,133
154,13,5,5,5,9,6,1,1,8,1,2,4,1,11,7,79,0,5,6,11,2,9,1,3,1,0,0,16,1,2,2,1,2,2,1,1,12,1,1,1,1,1,2,6,1,1,15,,,,133
155,13,5,5,5,9,6,1,0,8,1,1,3,1,11,7,76,6,5,4,15,2,9,1,2,1,1,0,16,1,2,2,1,1,2,2,1,12,1,1,1,1,1,2,6,0,1,14,,,,133
156,13,5,5,5,9,6,1,1,8,1,2,4,2,11,7,80,0,0,6,6,2,9,1,3,1,2,0,18,1,2,2,1,2,2,2,1,13,1,1,1,1,1,2,6,1,1,15,,,,132
157,13,5,5,5,9,6,1,1,7,1,2,4,1,11,7,78,6,3,5,14,2,9,1,2,1,2,0,17,1,2,2,0,2,2,0,1,10,1,1,0,1,1,2,5,0,1,12,,,,131
158,12,5,5,5,9,6,1,1,8,1,2,4,1,11,7,78,6,4,3,13,2,9,1,2,1,0,0,15,1,2,2,1,2,2,2,1,13,1,1,0,0,1,2,5,0,1,11,,,,130
159,13,5,5,5,9,6,1,1,8,1,2,4,2,11,7,80,6,5,7,18,2,0,1,2,1,2,0,8,1,2,2,1,2,2,0,1,11,1,1,0,1,1,2,6,0,1,13,,,,130
160,13,5,5,5,9,5,1,1,7,0,1,4,2,11,7,76,6,5,6,17,2,8,1,3,1,0,0,15,1,2,2,0,2,2,0,1,10,1,0,1,0,1,2,6,0,1,12,,,,130
161,11,5,5,5,9,6,1,1,7,1,2,4,2,10,7,76,6,5,5,16,2,9,1,3,1,1,0,17,1,2,2,1,2,2,1,1,12,1,1,0,1,1,2,0,1,1,8,,,,129
162,13,5,5,5,9,6,1,0,8,0,2,4,1,10,7,76,0,5,6,11,2,9,1,2,1,1,0,16,1,2,2,1,2,2,2,0,12,1,1,1,1,1,2,6,0,1,14,,,,129
163,13,2,5,5,9,6,1,1,8,1,2,4,1,10,7,75,0,3,7,10,2,9,1,2,1,2,0,17,1,2,2,1,2,2,1,1,12,1,1,1,1,1,2,6,0,1,14,,,,128
164,11,5,5,5,9,6,1,1,8,0,2,4,1,10,7,75,6,5,4,15,1,7,1,2,1,2,0,14,1,2,2,1,2,2,0,1,11,1,0,1,1,1,2,6,0,1,13,,,,128
165,13,5,5,5,9,6,1,1,8,1,2,4,1,10,7,78,0,5,4,9,2,9,1,3,1,2,0,18,1,2,2,0,1,2,1,1,10,1,1,1,0,1,2,6,0,1,13,,,,128
166,13,5,5,4,9,6,1,1,7,1,2,4,2,11,7,78,6,5,4,15,2,8,1,2,1,1,0,15,1,0,2,0,0,2,1,1,7,1,1,1,1,1,2,5,0,1,13,,,,128
167,13,5,0,5,9,6,1,1,7,1,2,3,2,11,7,73,6,5,5,16,2,8,1,2,1,0,0,14,1,2,2,1,2,2,2,1,13,1,1,1,0,1,2,6,0,0,12,,,,128
168,13,5,5,5,9,6,1,1,7,1,2,4,2,8,6,75,0,5,6,11,2,9,1,3,1,0,0,16,1,2,2,1,2,2,2,1,13,1,1,0,1,1,2,5,0,1,12,,,,127
169,11,5,5,5,9,6,1,1,8,1,2,4,2,10,7,77,0,5,5,10,2,9,1,3,1,0,0,16,1,2,2,1,0,2,1,1,10,1,1,1,1,1,2,6,0,1,14,,,,127
170,13,5,5,5,9,6,1,1,8,1,2,4,2,10,7,79,6,3,4,13,2,8,1,2,1,1,0,15,1,2,2,0,1,2,0,0,8,0,1,0,1,1,2,6,0,1,12,,,,127
171,13,5,5,5,9,6,1,1,8,1,2,4,2,11,7,80,6,0,5,11,2,9,1,2,1,2,0,17,1,2,2,0,0,2,2,1,10,1,1,0,1,1,2,0,1,1,8,,,,126
172,13,0,5,5,9,6,1,1,8,1,2,4,1,10,7,73,6,0,7,13,2,9,1,3,1,0,0,16,1,2,2,1,0,2,1,1,10,1,1,1,0,1,2,6,0,1,13,,,,125
173,13,5,5,5,9,5,1,1,5,1,2,2,2,10,6,72,6,4,6,16,2,8,0,2,1,1,4,18,1,1,1,0,1,2,0,1,7,1,1,1,0,0,2,6,0,0,11,,,,124
174,13,5,5,5,9,6,1,1,8,1,2,4,1,11,7,79,6,5,6,17,2,0,1,2,1,0,0,6,1,2,2,0,1,2,1,1,10,1,0,0,1,1,2,6,0,1,12,,,,124
175,12,5,5,5,9,4,1,1,6,1,2,4,2,10,7,74,6,5,5,16,2,0,1,2,1,2,0,8,1,2,2,1,2,2,1,1,12,1,1,1,1,1,2,6,0,1,14,,,,124
176,13,5,5,5,9,6,1,1,8,1,2,4,2,10,7,79,0,5,4,9,2,0,1,3,1,2,0,9,1,2,2,1,2,2,2,1,13,1,1,1,1,1,2,6,0,1,14,,,,124
177,13,5,5,5,9,6,1,1,8,1,2,4,1,11,7,79,0,5,0,5,2,9,1,2,1,2,0,17,1,2,2,0,0,2,0,1,8,1,0,1,1,1,2,6,1,1,14,,,,123
178,13,5,5,5,9,6,1,1,8,1,2,0,1,10,7,74,6,0,4,10,2,9,1,2,1,2,0,17,1,2,2,0,0,2,0,1,8,1,1,0,1,1,2,6,0,1,13,,,,122
179,13,5,0,5,9,6,1,1,8,1,2,4,2,11,7,75,6,0,7,13,1,9,1,3,1,0,0,15,1,0,2,1,0,2,0,1,7,1,1,0,1,1,2,5,0,1,12,,,,122
180,11,5,5,5,9,5,1,1,7,1,0,4,1,10,7,72,6,5,7,18,2,9,1,3,1,0,0,16,0,0,0,0,0,2,0,1,3,1,1,0,1,1,2,6,0,1,13,,,,122
181,12,5,5,5,9,4,1,1,5,1,2,4,1,10,7,72,6,5,5,16,2,9,1,2,1,0,0,15,1,0,2,0,0,2,0,1,6,1,1,0,1,1,2,6,0,1,13,,,,122
182,13,5,5,5,9,6,1,1,8,1,2,4,2,10,7,79,6,5,4,15,2,0,1,1,1,2,0,7,1,2,2,1,2,2,2,1,13,0,1,0,0,0,0,6,0,1,8,,,,122
183,13,4,4,5,9,5,1,1,5,1,2,2,1,9,7,69,6,5,5,16,2,9,0,3,1,2,5,22,1,0,0,0,0,2,1,0,4,0,0,1,1,1,2,6,0,0,11,,,,122
184,13,5,0,5,9,6,1,1,8,1,2,3,1,11,7,73,6,0,0,6,2,9,1,2,1,2,0,17,1,2,2,1,2,2,0,1,11,1,1,1,1,1,2,6,0,1,14,,,,121
185,12,5,5,5,9,5,1,0,7,0,2,4,1,10,7,73,0,4,5,9,2,9,1,2,1,1,0,16,1,1,2,1,2,2,0,1,10,1,1,0,1,1,2,6,0,1,13,,,,121
186,13,5,5,5,9,6,1,0,7,1,2,4,2,9,7,76,0,0,4,4,2,9,1,2,1,1,0,16,1,2,2,1,2,2,2,0,12,1,1,1,0,1,2,6,0,1,13,,,,121
187,13,5,5,5,9,6,1,1,8,1,2,4,1,10,7,78,6,4,4,14,2,0,1,3,0,2,0,8,1,2,2,1,2,2,0,0,10,1,1,1,0,0,1,6,0,1,11,,,,121
188,13,5,4,5,9,6,1,1,6,0,1,4,1,10,7,73,6,5,6,17,0,9,1,2,0,0,0,12,1,0,0,1,0,2,0,1,5,1,1,1,1,1,2,6,1,0,14,,,,121
189,13,5,5,5,9,5,1,1,8,1,2,4,1,10,7,77,6,0,6,12,2,9,0,2,1,2,0,16,1,0,2,1,0,0,0,1,5,1,1,1,1,0,0,6,0,1,11,,,,121
190,13,5,0,5,9,6,1,0,6,1,1,4,1,11,7,70,6,5,4,15,2,9,1,2,1,2,0,17,1,0,2,0,0,2,0,1,6,1,1,0,1,1,2,6,0,1,13,,,,121
191,13,5,5,5,9,6,1,1,8,1,2,4,2,11,7,80,6,0,6,12,2,0,1,3,1,2,0,9,1,2,2,1,1,0,0,1,8,1,1,1,0,0,2,6,0,1,12,,,,121
192,12,5,5,5,9,6,1,0,4,0,2,4,1,10,6,70,5,5,5,15,2,9,1,3,1,2,0,18,1,2,2,1,2,2,2,0,12,0,0,0,1,1,2,0,0,1,5,,,,120
193,10,5,4,5,9,5,1,1,7,1,2,3,2,10,7,72,6,1,4,11,2,7,0,2,1,2,0,14,1,2,2,1,2,2,1,0,11,1,1,0,0,1,2,6,0,1,12,,,,120
194,13,5,5,4,7,6,1,1,8,1,2,4,2,8,7,74,6,0,0,6,2,9,0,3,1,2,0,17,1,2,2,1,2,2,1,0,11,0,1,1,0,1,2,6,0,1,12,,,,120
195,13,5,0,5,0,6,1,1,8,1,2,4,2,10,7,65,6,5,7,18,2,0,1,3,1,2,0,9,1,2,2,1,2,2,2,1,13,1,1,1,1,1,2,6,0,1,14,,,,119
196,13,5,5,5,9,6,1,1,8,1,2,4,1,11,6,78,6,5,4,15,2,0,1,3,1,0,0,7,1,0,2,1,2,2,1,1,10,1,1,1,1,1,2,0,0,1,8,,,,118
197,12,5,5,5,8,6,1,1,8,1,2,4,1,11,7,77,6,5,4,15,2,0,1,2,1,2,0,8,1,2,2,1,0,2,0,0,8,0,1,0,0,1,1,6,0,1,10,,,,118
198,12,5,0,5,8,5,1,1,4,1,2,1,2,11,7,65,6,5,4,15,2,6,1,2,1,0,0,12,1,2,2,1,2,2,2,1,13,1,1,0,0,1,2,6,0,1,12,,,,117
199,13,5,5,5,9,6,1,1,8,1,2,3,1,8,5,73,6,4,5,15,2,8,1,2,1,0,0,14,1,0,0,0,0,2,0,1,4,1,0,0,0,1,2,6,0,0,10,,,,116
200,13,5,5,5,9,4,1,1,1,1,2,4,2,9,7,69,6,0,5,11,2,8,1,2,1,2,0,16,1,2,2,0,0,2,1,1,9,1,1,0,0,0,2,6,0,1,11,,,,116
201,12,5,5,5,9,6,1,1,8,1,2,3,1,11,0,70,6,5,4,15,2,9,1,2,1,0,0,15,1,2,2,0,0,2,0,1,8,1,1,0,1,1,2,0,0,1,7,,,,115
202,13,5,5,5,9,6,1,1,8,1,2,3,1,10,7,77,0,5,4,9,2,0,0,3,1,0,0,6,1,2,2,1,2,2,0,1,11,1,0,1,0,1,2,6,0,1,12,,,,115
203,12,5,5,5,9,6,1,1,8,1,2,4,2,11,7,79,6,0,4,10,2,0,1,3,1,1,0,8,1,0,2,1,2,2,2,1,11,1,1,0,1,1,2,0,0,1,7,,,,115
204,13,0,5,5,9,6,1,1,7,1,2,4,1,10,6,71,0,3,4,7,2,9,1,3,1,0,0,16,1,2,2,0,0,2,0,1,8,1,1,0,0,1,2,6,0,1,12,,,,114
205,13,5,5,5,9,6,1,1,5,1,2,3,1,10,7,74,6,5,5,16,2,8,1,3,1,2,0,17,1,0,0,1,0,2,0,1,5,0,0,0,0,1,1,0,0,0,2,,,,114
206,12,5,1,3,9,4,1,1,6,0,2,2,1,9,5,61,5,5,4,14,2,7,1,2,1,1,0,14,1,2,2,1,2,1,2,1,12,1,1,1,1,1,1,6,0,1,13,,,,114
207,12,0,5,5,9,4,1,1,5,1,2,4,1,11,7,68,6,5,7,18,2,0,1,3,1,0,0,7,1,0,2,0,2,2,0,1,8,1,1,0,1,1,2,6,0,1,13,,,,114
208,10,5,3,5,9,5,1,1,8,1,2,4,2,11,6,73,6,0,5,11,2,0,1,2,1,1,0,7,1,2,2,0,1,2,0,1,9,1,1,1,1,1,2,5,0,1,13,,,,113
209,13,5,5,5,9,5,1,0,3,0,0,4,1,8,5,64,6,4,6,16,2,8,0,2,1,1,0,14,1,0,2,0,2,2,0,0,7,1,1,1,0,0,2,6,0,1,12,,,,113
210,13,5,5,5,9,6,1,0,5,0,0,0,1,11,7,68,6,1,7,14,1,9,1,3,1,0,0,15,0,0,1,1,0,2,0,0,4,1,1,0,0,1,2,6,0,1,12,,,,113
211,12,5,5,5,9,5,1,1,8,1,2,3,1,9,7,74,6,5,7,18,1,0,1,3,1,0,0,6,0,0,0,0,0,2,0,1,3,1,1,1,0,1,1,6,1,0,12,,,,113
212,13,5,5,5,9,5,1,1,6,0,2,3,1,10,7,73,6,4,0,10,2,0,0,2,1,2,0,7,1,0,2,0,0,2,1,1,7,1,1,0,1,1,2,6,0,1,13,,,,110
213,11,5,0,5,9,6,1,1,6,1,2,3,1,9,6,66,0,0,6,6,2,9,1,3,1,1,0,17,1,2,2,0,0,2,1,1,9,1,0,0,1,1,2,6,0,1,12,,,,110
214,13,5,0,5,0,6,1,1,8,1,1,4,0,11,7,63,6,0,5,11,1,9,1,2,1,0,0,14,0,2,1,1,0,2,1,0,7,0,1,1,1,1,2,6,1,0,13,,,,108
215,13,5,5,5,9,5,1,1,5,1,2,4,1,7,7,71,0,0,4,4,2,9,1,2,1,1,0,16,1,2,2,1,2,2,0,1,11,1,1,0,0,1,2,0,0,1,6,,,,108
216,11,5,5,5,9,5,1,1,7,1,2,4,1,11,7,75,0,5,6,11,2,0,1,2,1,0,0,6,1,0,2,1,0,2,0,1,7,1,1,0,1,1,2,0,1,1,8,,,,107
217,12,5,0,5,9,6,1,1,7,0,2,4,1,10,6,69,6,5,0,11,2,0,1,2,1,2,0,8,1,2,2,1,0,2,0,1,9,1,0,0,0,1,2,6,0,0,10,,,,107
218,12,5,5,5,9,6,1,1,8,1,2,4,1,11,7,78,0,0,4,4,2,0,0,2,1,0,0,5,1,2,0,1,0,2,0,1,7,1,1,0,0,1,2,6,0,1,12,,,,106
219,12,0,0,5,9,6,1,1,8,0,2,4,1,11,6,66,6,5,0,11,0,8,1,2,1,0,0,12,1,0,0,1,0,2,0,1,5,0,1,1,1,1,2,6,0,0,12,,,,106
220,13,5,5,5,8,5,1,1,6,1,2,4,1,10,7,74,6,0,6,12,2,0,1,2,1,2,0,8,1,0,2,1,0,2,0,0,6,1,1,0,0,0,2,0,0,1,5,,,,105
221,12,5,5,5,9,5,1,1,0,1,2,4,2,9,7,68,0,5,4,9,2,0,0,3,1,2,0,8,0,0,0,1,2,2,2,0,7,1,0,1,0,1,2,6,0,1,12,,,,104
222,13,5,5,5,9,6,1,1,8,1,1,4,1,11,7,78,0,1,6,7,1,0,1,2,1,0,0,5,1,2,2,0,0,2,0,1,8,1,1,0,0,1,2,0,0,1,6,,,,104
223,13,5,0,5,9,6,0,1,8,1,2,4,1,9,7,71,0,0,6,6,2,0,0,3,1,2,0,8,1,2,2,1,2,2,2,0,12,1,1,1,0,1,2,0,0,0,6,,,,103
224,13,5,0,5,9,6,1,1,8,1,1,2,2,11,7,72,0,0,4,4,2,9,1,2,1,0,0,15,1,0,0,1,1,2,1,1,7,0,1,0,0,1,2,0,0,1,5,,,,103
225,13,5,0,5,0,6,1,1,8,1,2,4,1,11,7,65,6,5,4,15,2,0,1,3,0,0,0,6,1,0,0,1,0,2,0,1,5,1,1,0,1,1,2,6,0,0,12,,,,103
226,13,5,5,5,9,6,1,1,8,1,2,4,1,9,5,75,6,0,0,6,0,0,0,3,0,0,0,3,1,0,0,1,0,2,1,1,6,1,1,0,1,1,2,6,0,1,13,,,,103
227,11,0,5,5,9,6,1,1,6,1,2,4,2,11,6,70,6,0,0,6,1,0,1,2,1,0,0,5,1,0,2,1,0,2,0,1,7,1,1,1,1,1,2,6,0,1,14,,,,102
228,13,5,5,5,9,6,1,1,6,1,2,0,2,0,7,63,6,5,5,16,2,9,0,2,0,2,0,15,1,0,0,0,0,0,0,0,1,1,1,0,0,0,0,5,0,0,7,,,,102
229,0,5,0,5,9,4,1,1,7,0,2,4,1,10,7,56,6,5,4,15,2,9,1,3,0,0,0,15,1,0,0,0,0,2,0,0,3,1,1,0,0,0,2,6,0,0,10,,,,99
230,13,5,5,5,0,6,1,1,5,1,2,4,1,10,7,66,0,0,0,0,1,0,1,3,1,2,0,8,1,2,2,1,2,2,1,1,12,1,1,0,1,1,2,6,0,1,13,,,,99
231,11,5,0,5,9,5,1,0,8,1,1,4,0,10,7,67,6,0,3,9,2,0,0,2,1,1,0,6,1,0,0,1,0,0,1,0,3,0,1,0,0,0,1,5,0,1,8,,,,93
232,13,5,5,5,0,4,1,1,6,1,2,4,1,9,7,64,6,0,4,10,2,0,1,2,1,0,0,6,1,0,0,0,0,2,1,1,5,1,1,0,1,1,2,0,0,1,7,,,,92
233,0,5,5,5,0,6,1,1,6,0,2,3,1,11,6,52,6,5,5,16,2,0,0,2,1,2,0,7,1,0,2,1,0,2,0,1,7,1,0,0,0,1,2,4,0,1,9,,,,91
234,13,5,5,5,9,4,1,1,3,0,1,1,2,6,6,62,6,0,5,11,0,0,0,0,0,0,0,0,1,0,0,0,0,2,0,1,4,0,0,1,0,1,2,6,0,1,11,,,,88
235,11,5,0,5,9,5,1,1,4,0,2,0,2,10,7,62,0,0,5,5,2,0,1,2,1,0,0,6,1,2,2,1,0,2,0,1,9,0,0,0,1,1,2,0,0,1,5,,,,87
236,13,5,0,5,9,6,1,1,6,1,2,3,1,11,0,64,0,0,4,4,1,0,0,0,0,0,0,1,1,0,0,1,0,2,0,1,5,0,0,0,0,1,2,6,0,0,9,,,,83
237,12,5,0,5,0,6,1,1,5,1,2,0,0,11,7,56,6,0,0,6,1,0,1,2,0,1,0,5,1,1,2,0,0,2,0,1,7,0,1,1,0,1,2,0,0,1,6,,,,80
238,12,5,5,5,9,6,1,1,8,1,2,4,2,11,7,79,6,5,5,16,2,9,1,2,1,2,0,17,1,0,2,1,0,2,0,1,7,1,1,1,1,1,2,6,0,1,14,,,,133
239,13,5,5,5,9,5,1,1,8,1,2,3,1,10,7,76,6,5,6,17,2,9,1,2,1,1,0,16,1,2,2,0,0,2,2,1,10,1,1,0,1,1,2,6,0,1,13,,,,132
240,13,5,5,5,9,6,1,1,8,1,2,3,2,10,7,78,6,5,7,18,2,0,1,2,1,2,0,8,1,2,2,1,2,2,1,1,12,1,1,1,1,0,2,6,0,1,13,,,,129
241,13,4,5,5,9,6,1,1,8,1,2,4,2,11,7,79,6,5,7,18,2,9,1,2,1,1,0,16,1,2,2,0,0,2,2,1,10,1,1,1,1,1,2,6,1,1,15,,,,138
242,11,5,5,5,9,4,1,1,5,0,2,3,1,9,7,68,6,3,5,14,2,8,1,2,1,2,5,21,1,0,2,1,0,2,0,0,6,1,1,0,0,1,1,5,0,1,10,,,,119
243,13,5,5,4,7,4,1,0,6,0,0,4,2,11,5,67,6,0,4,10,0,0,0,0,0,0,0,0,0,0,0,0,0,0,0,0,0,0,0,0,0,0,0,5,0,0,5,,,,82
244,13,5,5,5,9,6,1,1,8,1,2,0,2,9,7,74,0,0,6,6,2,0,1,2,1,2,5,13,0,2,2,0,0,2,2,0,8,0,1,0,0,1,2,6,0,1,11,,,,112
245,13,5,5,5,0,6,1,1,8,1,2,4,2,10,7,70,6,0,5,11,2,8,1,3,1,0,0,15,1,2,2,1,0,2,0,0,8,1,1,0,1,1,1,6,0,1,12,,,,116
246,12,5,0,5,9,6,1,1,5,1,2,4,1,11,7,70,6,0,4,10,1,0,0,0,0,0,0,1,1,0,0,0,0,2,0,0,3,0,0,1,0,0,2,6,0,0,9,,,,93
247,12,5,5,4,7,4,1,0,0,1,2,4,1,9,3,58,6,0,3,9,1,9,1,3,1,2,0,17,0,0,0,0,0,0,2,0,2,0,1,0,0,0,2,0,1,1,5,,,,91
248,11,5,5,4,7,3,1,1,0,1,2,4,1,6,4,55,6,0,4,10,1,0,0,0,0,0,0,1,1,2,2,0,0,2,0,1,8,0,0,1,0,0,0,6,1,0,8,,,,82
249,13,5,0,5,9,6,1,1,5,1,2,1,2,11,5,67,6,0,4,10,2,0,0,2,0,2,0,6,1,2,2,0,0,2,0,1,8,0,1,0,1,1,0,0,0,0,3,,,,94
250,10,3,4,4,8,3,1,1,0,0,2,4,1,8,6,55,6,4,4,14,1,0,0,2,0,2,5,10,1,2,2,0,0,0,0,0,5,1,1,1,0,0,0,0,0,0,3,,,,87
251,13,5,1,5,9,6,1,1,4,0,1,0,2,8,5,61,6,1,3,10,0,6,0,2,0,2,5,15,1,2,2,0,2,2,0,0,9,1,1,1,0,0,1,6,0,0,10,,,,105
252,12,5,5,5,9,6,1,0,8,0,2,0,1,8,0,62,6,1,3,10,2,5,0,0,0,2,6,15,0,2,2,0,0,2,0,0,6,0,1,1,0,1,1,5,0,1,10,,,,103
253,12,0,5,5,9,6,1,1,5,1,2,2,0,11,7,67,6,5,5,16,1,0,1,0,0,2,0,4,1,2,2,0,2,2,0,1,10,0,1,0,0,0,2,6,0,0,9,,,,106
254,13,5,5,5,9,6,1,1,8,1,2,4,2,11,7,80,6,5,6,17,2,9,1,3,1,2,0,18,1,2,2,1,0,2,1,1,10,1,1,1,0,1,2,5,0,0,11,,,,136
255,13,5,5,5,9,6,1,1,8,1,2,4,2,11,7,80,6,5,7,18,2,9,1,3,1,2,6,24,1,2,2,1,2,2,1,1,12,1,1,1,1,1,2,6,0,1,14,,,,148
256,13,5,5,5,9,6,1,1,7,1,2,4,2,10,7,78,6,5,7,18,2,9,1,2,1,2,5,22,1,2,2,1,2,2,0,1,11,1,1,0,1,1,2,6,0,1,13,,,,142
257,13,5,5,5,0,6,1,1,8,1,2,4,2,11,7,71,6,5,7,18,2,9,1,2,1,2,6,23,1,2,2,0,2,2,2,1,12,1,1,1,1,1,2,6,0,1,14,,,,138
258,12,5,5,5,9,6,1,1,8,1,2,4,2,11,7,79,6,5,7,18,2,9,1,3,1,2,6,24,1,2,2,1,2,2,2,1,13,1,1,1,1,1,2,6,0,1,14,,,,148
259,12,5,5,5,9,0,1,0,3,0,1,4,2,8,7,62,5,0,5,10,2,0,1,2,1,2,0,8,1,2,2,0,0,1,0,0,6,0,1,0,0,1,2,6,0,1,11,,,,97
260,13,5,5,5,9,6,1,1,8,1,2,4,2,11,7,80,6,5,5,16,2,9,1,2,1,2,6,23,1,2,2,1,2,2,2,1,13,1,1,1,1,1,2,6,0,1,14,,,,146
261,0,0,0,5,9,0,1,1,7,1,2,4,1,9,7,47,6,5,5,16,2,7,0,2,1,0,0,12,1,0,2,1,0,2,1,1,8,1,1,0,1,1,2,6,0,1,13,,,,96
262,13,0,0,5,9,6,1,1,8,1,2,4,1,11,6,68,0,0,4,4,1,0,0,0,0,0,0,1,1,0,0,1,0,2,0,1,5,1,1,1,1,1,2,6,0,0,13,,,,91
263,13,5,5,5,9,6,1,1,8,1,2,4,2,11,7,80,6,5,7,18,2,9,1,3,1,2,0,18,1,2,2,1,2,2,0,1,11,1,1,1,1,1,2,0,0,1,8,,,,135
264,13,5,5,5,9,6,1,1,8,1,2,4,2,11,7,80,6,5,7,18,2,9,1,3,1,2,0,18,1,2,2,1,2,2,2,1,13,1,1,1,1,1,2,6,0,1,14,,,,143
265,13,5,0,5,9,5,1,1,7,1,2,4,2,10,7,72,6,5,5,16,2,9,1,2,1,2,0,17,1,2,2,0,0,2,1,1,9,1,1,1,0,1,2,6,0,1,13,,,,127
266,13,5,5,5,0,6,1,1,8,1,2,4,2,11,7,71,6,5,7,18,1,0,1,3,1,2,0,8,1,2,2,1,2,2,2,1,13,1,1,1,1,1,2,6,0,1,14,,,,124
267,13,5,5,5,8,6,1,1,8,1,2,3,2,9,7,76,6,5,5,16,2,9,1,2,1,2,0,17,1,2,2,1,2,2,2,0,12,1,1,1,0,1,2,6,0,1,13,,,,134
268,12,5,5,5,8,5,1,1,8,1,2,4,2,11,7,77,0,5,6,11,2,9,1,3,1,2,0,18,1,2,2,1,2,2,1,1,12,1,0,1,0,1,2,0,0,0,5,,,,123
269,12,5,5,5,9,6,0,1,7,1,2,4,1,11,7,76,0,0,5,5,1,0,0,2,1,2,0,6,1,2,2,1,2,2,2,1,13,1,1,0,0,1,2,5,0,0,10,,,,110
270,13,5,5,5,9,6,1,1,6,1,1,4,1,11,7,76,6,0,6,12,2,7,1,3,1,2,0,16,1,2,2,1,2,2,1,0,11,0,1,0,0,0,1,6,0,1,9,,,,124
271,11,5,5,5,9,6,1,0,8,1,1,4,0,10,7,73,6,5,5,16,1,9,1,2,1,2,3,19,1,1,1,0,1,0,0,1,5,0,1,1,0,1,1,4,0,0,8,,,,121
272,0,0,0,0,0,0,0,0,0,0,0,0,0,0,0,0,0,0,0,0,0,0,0,0,0,0,0,0,0,0,0,0,0,0,0,0,0,0,0,0,0,0,0,0,0,0,0,,,,0
273,13,5,5,5,9,5,1,1,7,1,2,4,2,10,7,77,6,5,4,15,1,0,0,0,0,0,0,1,1,0,0,0,0,2,0,1,4,1,1,1,1,1,2,6,0,1,14,,,,111
274,13,5,5,5,9,6,1,1,7,1,2,2,1,11,6,75,6,4,5,15,2,0,1,2,1,2,0,8,1,2,2,0,2,2,2,1,12,0,0,0,1,1,0,6,0,1,9,,,,119
275,13,5,5,5,9,6,1,1,8,1,2,4,2,10,7,79,6,5,6,17,2,9,1,3,1,2,0,18,1,2,2,0,1,2,1,1,10,1,1,1,1,1,2,6,0,1,14,,,,138
276,13,5,5,5,9,6,1,1,8,1,2,4,2,11,7,80,6,5,5,16,2,9,1,3,1,2,6,24,1,2,2,1,2,2,2,1,13,1,1,1,1,1,2,6,0,1,14,,,,147
277,13,5,5,5,9,6,1,1,8,1,2,4,2,11,7,80,6,0,7,13,1,0,1,2,0,1,0,5,1,2,2,1,2,2,2,1,13,1,1,1,1,1,2,6,1,1,15,,,,126
278,13,5,5,5,9,6,1,1,6,1,2,4,2,11,7,78,6,0,7,13,2,9,0,2,1,2,5,21,1,2,2,1,2,2,0,1,11,1,1,1,1,1,2,5,0,1,13,,,,136
279,13,5,5,5,9,6,1,1,7,1,1,4,2,9,7,76,6,5,5,16,2,0,1,2,1,2,0,8,1,2,2,0,2,2,2,1,12,1,1,1,1,1,2,6,1,1,15,,,,127
280,13,5,5,5,9,6,1,1,8,1,2,4,2,11,7,80,6,5,7,18,2,9,1,3,1,2,6,24,1,2,2,1,2,2,2,1,13,1,1,1,1,1,2,6,1,1,15,,,,150
281,13,5,5,5,9,6,1,1,8,1,2,4,2,10,7,79,6,5,6,17,2,9,1,3,1,0,0,16,1,0,0,0,0,2,0,1,4,1,1,0,0,1,2,6,1,1,13,,,,129
282,13,5,5,5,9,6,1,1,8,1,2,4,2,10,6,78,6,5,6,17,2,9,1,2,1,2,5,22,1,2,2,1,0,2,1,1,10,1,1,1,0,1,2,6,0,0,12,,,,139
283,13,5,5,5,9,6,1,1,6,1,2,4,2,11,7,78,6,5,4,15,2,9,1,2,1,2,5,22,1,2,2,1,2,2,0,1,11,1,1,1,1,1,2,6,1,1,15,,,,141
284,13,5,5,1,9,6,1,1,8,1,2,4,2,11,7,76,6,5,2,13,2,9,1,3,0,2,6,23,1,2,2,1,1,2,2,1,12,1,1,1,0,0,2,5,1,1,12,,,,136
285,13,5,5,5,9,0,1,1,5,0,2,4,2,11,7,70,6,5,6,17,0,0,1,3,1,2,5,12,1,0,2,1,2,2,1,1,10,1,1,1,0,1,2,6,0,1,13,,,,122
286,13,5,5,5,9,6,1,1,6,1,2,4,2,10,5,75,6,5,6,17,2,9,1,3,1,2,0,18,1,2,2,1,2,2,2,1,13,1,1,1,0,1,2,6,1,0,13,,,,136
287,13,5,5,5,9,6,1,1,7,1,2,4,2,11,7,79,6,5,4,15,1,9,1,3,1,2,0,17,1,2,2,1,0,2,0,1,9,1,1,1,1,1,1,6,1,1,14,,,,134
288,13,5,5,1,9,6,1,1,8,1,2,4,1,11,6,74,6,5,3,14,2,8,1,2,1,2,6,22,1,2,2,1,2,2,1,1,12,1,1,1,0,1,2,6,1,1,14,,,,136
289,13,5,5,5,9,6,1,1,8,1,2,4,2,11,7,80,6,5,2,13,2,9,1,3,1,2,6,24,1,2,2,1,2,2,2,1,13,1,1,1,1,1,2,6,1,1,15,,,,145
290,11,5,5,5,9,6,1,1,4,0,2,4,2,11,7,73,6,5,3,14,2,7,1,1,1,2,0,14,1,0,2,0,0,2,2,0,7,1,0,0,1,0,2,0,0,1,5,,,,113
291,13,5,5,5,9,6,1,1,8,1,1,4,2,11,7,79,6,0,7,13,2,9,1,3,1,2,6,24,1,2,2,1,2,2,2,1,13,1,1,1,1,1,2,6,1,1,15,,,,144
292,13,5,5,4,9,5,1,1,8,1,2,4,1,9,7,75,6,0,4,10,2,9,1,2,1,2,0,17,1,2,2,0,0,2,2,0,9,1,1,0,0,0,2,6,0,1,11,,,,122
293,13,5,5,1,9,6,1,1,8,1,2,4,2,11,7,76,6,5,2,13,1,8,1,3,1,2,6,22,1,0,0,1,0,2,2,1,7,1,1,1,1,1,2,6,1,1,15,,,,133
294,13,5,5,5,9,6,1,1,8,1,2,4,2,11,7,80,6,5,7,18,2,9,1,3,1,2,6,24,1,2,2,1,2,2,2,1,13,1,1,1,1,1,2,6,1,1,15,,,,150
295,13,5,5,5,9,6,1,1,8,1,2,4,2,11,7,80,6,5,7,18,2,9,1,3,1,2,6,24,1,2,2,1,2,2,2,1,13,1,1,1,1,1,2,6,1,1,15,,,,150
296,13,5,5,5,9,6,1,1,8,1,2,4,2,11,7,80,6,0,6,12,0,0,0,0,0,0,0,0,1,0,0,0,0,2,0,1,4,1,1,1,1,1,2,6,1,1,15,,,,111
297,12,5,5,0,9,6,1,1,8,1,2,4,2,11,0,67,6,5,1,12,2,0,1,3,1,2,0,9,1,2,2,1,2,2,2,1,13,1,1,1,1,1,2,0,1,1,9,,,,110
298,12,5,0,5,9,6,1,1,8,1,2,4,2,11,2,69,6,5,5,16,2,0,1,2,1,2,0,8,1,2,2,1,0,2,2,1,11,1,1,1,1,1,2,5,1,1,14,,,,118
299,13,5,5,5,9,6,1,1,8,1,2,4,2,11,7,80,6,5,7,18,0,0,0,3,1,2,0,6,1,2,2,0,0,2,1,1,9,1,1,1,0,0,2,0,1,1,7,,,,120
300,0,5,5,4,9,0,1,1,8,0,2,2,2,11,0,50,6,5,7,18,2,9,1,3,1,2,6,24,1,2,2,1,2,2,2,1,13,1,1,1,1,1,2,6,1,1,15,,,,120
301,13,5,5,4,9,6,1,1,8,1,2,3,2,11,7,78,6,4,5,15,1,0,1,2,1,2,0,7,1,2,2,1,2,2,2,1,13,1,1,1,1,0,2,0,0,1,7,,,,120
302,13,5,5,5,9,6,1,1,8,1,2,4,2,11,7,80,6,5,2,13,2,8,1,2,0,2,3,18,1,2,2,1,2,2,2,1,13,1,1,1,1,0,2,6,1,1,14,,,,138
303,13,5,5,5,9,6,1,1,8,1,2,4,2,11,7,80,6,0,5,11,2,0,1,2,1,2,0,8,1,2,2,1,2,2,2,1,13,1,1,1,1,1,2,0,1,1,9,,,,121
304,13,5,5,5,9,6,1,1,0,1,1,4,2,10,0,63,6,5,5,16,2,0,0,3,0,2,0,7,1,2,2,1,2,2,2,1,13,1,1,1,1,0,2,6,1,0,13,,,,112
305,13,5,5,5,9,6,1,1,5,0,2,3,2,11,7,75,6,5,7,18,2,8,1,2,1,2,0,16,1,2,2,1,2,2,1,1,12,1,1,1,0,1,2,6,0,1,13,,,,134
306,12,5,5,5,9,6,1,1,8,1,2,4,2,11,7,79,6,5,4,15,2,9,1,3,1,2,0,18,1,2,2,1,2,2,1,1,12,1,1,1,1,1,2,0,1,1,9,,,,133
307,13,5,4,5,9,6,0,0,7,1,2,2,2,11,7,74,6,5,5,16,2,5,1,2,1,2,0,13,1,2,2,0,2,0,0,0,7,0,0,0,1,1,1,4,0,1,8,,,,118
308,13,5,5,5,9,6,1,1,8,1,2,4,2,11,7,80,6,5,7,18,2,9,1,3,1,2,5,23,1,2,2,1,2,2,2,1,13,1,1,1,1,1,2,6,1,1,15,,,,149
309,13,5,5,5,9,6,1,1,8,1,2,4,2,11,7,80,6,5,7,18,2,8,1,2,1,2,6,22,1,2,2,1,2,2,1,1,12,1,1,1,1,1,2,6,1,1,15,,,,147
310,12,4,5,4,8,4,0,0,4,0,2,0,2,0,4,49,6,4,3,13,2,9,0,0,1,2,5,19,1,2,2,0,2,2,0,0,9,0,1,0,0,0,0,5,1,0,7,,,,97
311,13,5,5,5,9,6,1,1,0,0,2,4,2,11,7,71,6,5,7,18,2,9,1,3,1,2,6,24,1,2,2,0,2,2,1,0,10,0,1,0,0,1,2,6,0,1,11,,,,134
312,13,5,5,5,9,6,1,1,6,1,2,4,2,11,7,78,6,5,6,17,2,9,1,3,1,2,6,24,1,2,2,1,2,2,2,1,13,1,1,1,1,1,2,5,1,1,14,,,,146
313,13,5,5,5,9,6,1,1,8,1,2,4,2,10,7,79,6,5,7,18,0,0,0,0,0,0,0,0,1,2,2,0,2,2,1,0,10,1,1,1,0,1,1,4,0,1,10,,,,117
314,13,5,0,5,9,6,1,1,8,1,2,4,2,11,7,75,6,5,7,18,0,9,0,3,1,2,6,21,1,2,2,1,2,2,2,1,13,1,1,1,1,1,0,6,0,1,12,,,,139
315,13,5,5,0,9,6,1,1,8,0,2,4,2,11,6,73,6,5,0,11,0,0,0,0,0,0,0,0,1,0,0,1,0,2,0,1,5,1,1,1,1,1,2,6,0,0,13,,,,102
316,13,5,5,5,9,6,1,1,8,1,2,4,2,11,7,80,6,5,7,18,2,9,1,3,1,2,6,24,1,2,2,1,2,2,2,1,13,1,1,1,1,1,2,6,1,1,15,,,,150
317,13,5,5,5,9,6,1,1,8,1,2,4,2,10,7,79,6,5,7,18,0,0,0,0,0,0,0,0,1,1,1,0,1,2,0,1,7,0,1,0,0,1,1,5,0,0,8,,,,112
318,13,5,5,5,9,6,1,1,8,1,2,4,2,11,7,80,6,5,7,18,1,0,0,0,0,0,0,1,1,2,2,1,2,2,2,1,13,1,1,0,0,1,2,6,1,1,13,,,,125
319,13,5,5,5,9,6,1,1,8,1,2,4,2,11,7,80,6,5,6,17,2,9,1,3,1,2,6,24,1,2,2,1,2,2,2,1,13,1,1,1,1,1,2,6,1,1,15,,,,149
320,13,5,0,4,9,4,1,1,2,1,2,4,1,8,6,61,6,5,5,16,2,9,1,2,1,2,0,17,1,0,2,1,2,2,1,1,10,1,1,1,1,1,2,5,0,1,13,,,,117
321,13,5,5,5,9,6,1,1,8,1,2,4,2,11,7,80,6,5,7,18,1,9,1,3,1,2,5,22,1,2,2,1,2,2,2,1,13,1,1,1,1,1,2,6,1,1,15,,,,148
322,13,5,5,5,9,6,1,1,8,1,2,4,2,11,7,80,6,5,7,18,2,9,1,3,1,2,6,24,1,2,2,1,1,2,2,1,12,1,1,1,1,1,2,6,1,1,15,,,,149
323,13,5,5,5,9,6,1,1,8,0,2,4,2,11,7,79,6,5,7,18,2,9,1,3,1,2,6,24,1,2,2,1,2,2,2,1,13,1,1,1,1,1,2,6,1,1,15,,,,149
324,13,5,5,4,9,5,1,1,5,0,2,3,2,0,6,61,6,5,1,12,1,0,0,0,0,0,0,1,0,2,2,1,2,2,2,0,11,0,0,0,1,0,1,5,0,1,8,,,,93
325,13,5,5,5,9,4,1,1,6,1,2,3,1,10,7,73,6,5,6,17,2,9,1,2,1,2,5,22,1,2,2,1,2,2,0,1,11,1,1,0,0,1,2,6,0,1,12,,,,135
326,13,5,5,5,9,6,1,1,8,1,2,4,2,11,5,78,6,5,5,16,2,9,0,3,1,2,5,22,1,2,2,0,1,2,0,1,9,1,1,0,0,0,0,6,1,0,9,,,,134
327,13,5,5,5,9,6,1,1,8,1,2,4,1,11,7,79,6,0,5,11,2,0,1,3,1,2,0,9,1,2,2,1,2,2,2,0,12,1,1,1,0,1,2,0,0,1,7,,,,118
328,13,5,5,5,9,6,1,1,8,1,2,4,2,11,7,80,6,5,5,16,2,0,1,3,1,2,6,15,1,2,2,1,2,2,2,1,13,1,1,1,1,1,2,6,1,1,15,,,,139
329,13,0,0,5,9,6,1,1,8,0,2,4,2,11,7,69,6,5,6,17,0,0,1,3,0,0,0,4,1,0,0,1,0,2,1,1,6,1,1,1,1,1,2,6,0,1,14,,,,110
330,11,0,0,5,0,0,1,1,7,1,2,0,2,11,7,48,6,5,7,18,0,0,0,0,0,0,0,0,1,0,0,1,0,2,0,1,5,1,1,0,0,0,2,5,0,1,10,,,,81
331,12,5,0,5,9,5,1,1,6,0,2,4,2,10,0,62,6,4,6,16,1,0,1,3,1,2,5,13,1,0,2,1,0,2,1,1,8,1,1,1,0,1,2,6,0,0,12,,,,111
332,13,5,0,5,9,5,1,1,8,1,2,4,2,11,7,74,6,5,7,18,1,0,0,2,1,2,0,6,1,0,2,1,2,2,2,1,11,1,1,1,1,1,2,0,0,1,8,,,,117
333,11,5,5,0,9,0,1,1,4,1,2,1,1,9,7,57,6,0,1,7,1,0,1,2,0,2,0,6,1,2,2,0,0,2,1,1,9,1,1,0,0,0,2,0,0,1,5,,,,84
334,12,0,0,5,8,3,1,1,5,1,1,3,2,10,6,58,6,0,6,12,0,0,0,0,0,0,0,0,1,0,0,1,0,2,0,1,5,1,1,1,1,0,1,6,1,0,12,,,,87
335,13,5,5,5,9,6,1,1,8,1,2,4,2,11,7,80,6,5,5,16,1,0,1,2,1,2,0,7,1,2,2,1,2,2,2,1,13,1,1,1,1,1,2,6,1,1,15,,,,131
336,13,5,5,5,9,6,1,1,8,1,2,4,2,11,7,80,6,5,7,18,2,9,1,3,1,2,6,24,1,2,2,1,2,2,2,1,13,1,1,1,1,1,2,6,1,1,15,,,,150
337,13,5,5,5,9,6,1,1,8,1,2,4,2,11,7,80,6,5,5,16,2,8,1,3,1,2,5,22,1,2,2,0,2,2,2,1,12,1,1,1,1,1,2,6,1,1,15,,,,145
338,13,5,5,5,9,6,1,1,5,0,2,4,1,9,7,73,6,0,4,10,1,0,0,2,0,0,0,3,1,0,0,0,0,2,0,0,3,1,1,0,0,0,2,6,0,0,10,,,,99
339,13,5,0,5,9,6,1,1,6,1,2,4,2,11,7,73,6,5,7,18,1,5,1,3,1,2,0,13,1,2,2,1,2,2,2,1,13,1,1,0,1,1,2,6,0,1,13,,,,130
340,13,5,5,5,9,6,1,1,8,1,2,4,2,11,7,80,6,5,5,16,2,0,1,3,1,2,0,9,1,0,2,1,2,2,2,1,11,1,1,1,1,1,2,0,1,1,9,,,,125
341,12,4,3,5,8,4,1,1,4,1,2,0,2,6,6,59,6,5,4,15,2,0,1,2,1,1,0,7,1,1,1,1,0,2,2,0,8,0,1,0,0,1,1,0,0,1,4,,,,93
342,13,5,4,0,9,6,1,1,8,1,2,4,2,11,7,74,6,5,1,12,2,9,1,3,1,2,6,24,1,2,2,1,2,2,2,1,13,1,1,1,1,1,2,6,0,1,14,,,,137
343,13,5,5,5,9,6,1,1,8,1,2,4,2,11,7,80,6,0,6,12,2,0,0,3,1,2,0,8,1,1,2,0,0,2,0,1,7,1,1,1,1,1,2,6,1,1,15,,,,122
344,13,0,0,5,9,6,1,1,7,1,2,4,1,10,7,67,6,5,7,18,2,0,0,3,1,2,0,8,1,2,2,1,2,2,1,0,11,1,1,1,1,1,2,6,1,1,15,,,,119
345,12,5,5,5,9,6,1,1,8,1,2,4,2,11,7,79,5,0,7,12,2,0,1,2,1,2,0,8,1,0,2,1,0,2,0,1,7,1,1,0,1,1,2,0,0,1,7,,,,113
346,12,5,0,5,9,6,1,1,5,1,2,4,2,10,6,69,6,5,6,17,2,0,1,2,1,2,0,8,1,2,2,1,0,2,1,1,10,1,1,1,1,1,2,0,1,1,9,,,,113
347,13,5,5,0,9,6,1,1,8,1,2,4,2,11,0,68,6,0,1,7,1,0,0,0,0,0,0,1,1,0,0,0,0,2,0,0,3,1,1,1,0,1,2,6,1,0,13,,,,92
348,13,5,0,0,9,6,1,1,7,1,2,4,2,11,7,69,6,0,1,7,1,0,0,3,0,0,0,4,1,0,0,0,0,2,0,1,4,1,1,1,1,1,2,6,1,1,15,,,,99
349,12,5,5,5,7,6,1,1,7,1,2,4,1,9,7,73,6,0,4,10,1,0,0,2,0,2,0,5,1,0,2,0,2,2,2,1,10,1,1,0,0,0,1,6,0,0,9,,,,107
350,13,5,5,0,9,6,1,1,8,1,2,4,2,11,7,75,6,4,1,11,2,0,1,3,1,2,0,9,1,2,2,1,2,2,2,1,13,1,1,1,1,1,2,6,1,1,15,,,,123
351,13,5,5,0,9,6,1,1,8,1,2,4,2,11,0,68,6,0,0,6,2,9,1,3,1,2,0,18,1,2,2,1,2,2,2,1,13,1,1,0,1,1,2,0,1,1,8,,,,113
352,13,5,5,5,0,6,1,1,8,1,2,0,2,11,0,60,6,0,4,10,2,0,0,3,0,2,6,13,1,0,0,1,0,2,2,0,6,1,1,0,0,0,1,5,1,1,10,,,,99
353,12,5,5,5,8,5,1,1,7,1,2,4,2,0,7,65,6,0,7,13,2,0,0,0,0,0,0,2,1,0,0,0,0,2,0,0,3,1,1,1,1,0,2,5,1,1,13,,,,96
354,13,5,5,0,9,6,1,1,8,1,2,4,2,10,7,74,6,0,1,7,2,9,1,3,1,2,0,18,1,2,2,1,1,2,1,0,10,1,1,1,1,1,2,6,1,1,15,,,,124
355,13,5,5,5,9,6,1,1,7,0,2,2,2,9,7,74,6,5,6,17,2,9,0,2,1,2,0,16,0,2,0,1,2,2,0,0,7,1,1,0,0,0,0,6,0,0,8,,,,122
356,13,5,5,1,9,6,1,1,7,1,2,4,2,11,0,68,6,1,1,8,2,9,1,2,1,2,5,22,1,2,2,1,2,2,2,1,13,1,0,1,0,1,1,6,1,1,12,,,,123
357,13,5,5,0,9,6,1,1,8,1,2,4,2,10,7,74,6,0,1,7,0,9,1,3,1,2,0,16,1,2,2,1,2,2,2,1,13,1,1,1,0,1,2,6,1,1,14,,,,124
358,13,5,5,0,9,6,1,1,8,1,2,4,1,9,7,72,6,5,2,13,2,0,1,3,0,2,0,8,1,2,2,1,2,2,0,1,11,1,1,1,1,1,1,0,1,1,8,,,,112
359,13,5,5,0,9,6,1,1,8,1,2,3,2,10,7,73,6,0,0,6,2,9,0,0,0,2,6,19,1,2,2,1,2,2,1,1,12,1,1,1,0,1,2,6,1,1,14,,,,124
360,12,5,5,0,9,6,1,1,8,1,2,4,2,11,7,74,6,0,1,7,2,9,1,3,1,2,6,24,1,2,2,1,2,2,1,1,12,1,1,1,1,1,2,6,1,1,15,,,,132
361,13,5,5,0,9,6,1,1,8,1,2,4,2,10,0,67,6,5,1,12,2,9,1,3,1,2,6,24,0,2,2,1,2,2,2,1,12,0,1,1,1,1,2,5,1,1,13,,,,128
362,13,5,5,4,8,6,1,1,8,1,2,4,2,11,7,78,6,0,6,12,2,0,1,3,0,2,0,8,1,0,0,1,0,2,2,1,7,1,1,1,1,1,2,5,1,1,14,,,,119
363,13,0,0,5,9,6,1,1,8,1,2,4,2,11,7,70,6,0,4,10,2,9,1,3,1,2,0,18,1,2,2,1,1,2,0,1,10,1,1,1,1,1,2,0,1,1,9,,,,117
364,13,5,5,5,9,6,1,1,8,1,2,4,1,10,7,78,6,0,1,7,2,9,1,2,1,2,4,21,1,2,2,1,0,2,0,0,8,1,1,0,0,1,2,0,0,0,5,,,,119
365,13,5,5,5,9,6,1,1,8,1,2,4,2,11,7,80,6,5,7,18,1,0,0,3,1,0,0,5,1,1,1,1,1,2,2,1,10,1,1,1,1,1,2,5,1,1,14,,,,127
366,13,5,5,0,0,6,1,1,8,1,2,4,1,0,7,54,6,5,0,11,2,9,1,3,1,2,0,18,1,2,2,1,2,2,2,0,12,1,1,1,1,1,2,6,1,1,15,,,,110
367,13,5,5,5,9,6,1,1,8,1,2,4,2,11,7,80,6,0,1,7,0,0,0,0,0,0,0,0,1,0,0,1,0,2,0,1,5,1,1,1,1,1,2,6,1,1,15,,,,107
368,9,5,1,5,0,0,1,1,1,1,1,0,2,7,2,36,5,3,1,9,2,8,0,3,0,2,5,20,1,0,0,1,2,1,0,0,5,0,1,0,0,0,1,5,1,0,8,,,,78
369,13,5,5,5,9,6,1,1,7,0,2,4,2,11,7,78,6,0,7,13,2,0,1,3,1,0,0,7,1,2,2,1,2,2,0,1,11,1,1,0,1,1,2,6,1,1,14,,,,123
370,13,5,5,5,9,6,1,1,8,1,2,4,2,11,7,80,6,0,5,11,2,0,1,1,0,0,0,4,1,0,0,1,0,2,1,1,6,0,1,0,0,1,2,6,0,0,10,,,,111
371,13,0,0,0,8,4,1,1,8,1,2,1,2,11,1,53,6,0,0,6,2,0,1,3,1,2,0,9,1,2,2,1,0,2,2,0,10,1,1,1,1,1,2,5,1,1,14,,,,92
372,13,5,5,5,9,6,1,1,8,1,2,4,2,11,7,80,6,5,7,18,2,9,1,3,1,2,0,18,1,2,2,0,2,2,2,1,12,1,1,0,0,1,2,6,1,1,13,,,,141
373,12,5,0,5,8,4,1,1,2,0,2,4,2,10,7,63,6,0,1,7,1,0,1,2,1,2,0,7,1,2,2,1,0,2,0,0,8,0,0,1,0,1,1,6,1,0,10,,,,95
374,13,5,5,5,9,6,1,1,8,1,2,4,2,11,7,80,6,5,1,12,0,0,0,0,0,0,0,0,1,0,0,1,0,2,0,1,5,1,1,1,1,1,2,6,1,1,15,,,,112
375,13,5,5,5,9,6,0,1,8,1,2,2,2,11,6,76,6,5,7,18,1,9,1,2,1,2,5,21,1,2,2,1,2,2,2,0,12,1,1,1,1,1,2,6,0,0,13,,,,140
376,13,5,5,5,9,6,1,1,8,1,2,4,2,11,7,80,6,5,7,18,2,9,1,3,1,2,6,24,0,2,2,1,2,2,2,1,12,0,1,1,1,1,2,6,1,1,14,,,,148
377,13,5,5,5,9,6,1,1,8,1,2,4,2,11,7,80,6,5,5,16,2,9,1,2,1,2,5,22,1,2,2,1,2,2,2,1,13,1,1,1,1,1,2,6,1,1,15,,,,146
378,13,5,5,5,9,6,1,1,8,1,2,4,2,11,0,73,6,0,1,7,0,0,0,3,0,0,0,3,1,2,2,1,2,2,2,1,13,1,1,1,1,1,2,6,1,1,15,,,,111
379,13,5,4,0,0,6,0,1,0,0,0,4,2,10,0,45,6,0,3,9,2,0,1,2,0,1,0,6,1,1,2,1,2,2,1,0,10,1,1,0,0,0,2,0,1,0,5,,,,75
380,11,5,5,5,9,6,1,1,6,1,2,4,2,11,7,76,6,5,5,16,2,9,1,3,1,2,0,18,1,0,0,0,0,2,1,1,5,1,1,1,1,1,2,0,1,1,9,,,,124
381,13,5,5,5,9,6,1,1,8,1,2,4,2,11,7,80,6,0,6,12,2,9,1,2,1,2,0,17,1,2,2,1,2,2,2,1,13,0,1,0,1,1,1,6,0,1,11,,,,133
382,13,5,5,4,7,5,1,1,8,1,2,3,2,9,7,73,6,0,4,10,1,0,0,3,0,2,0,6,1,0,0,1,0,2,0,0,4,1,1,1,0,1,2,6,1,1,14,,,,107
383,13,5,5,5,9,4,1,1,8,1,2,4,2,11,7,78,6,5,5,16,2,0,1,2,1,2,0,8,1,2,2,0,1,2,2,1,11,0,1,0,0,0,2,0,1,1,5,,,,118
384,12,5,5,5,9,5,0,1,7,1,2,4,2,11,7,76,6,0,1,7,1,0,1,2,1,2,0,7,1,2,2,0,0,2,1,0,8,1,1,1,0,1,1,4,0,1,10,,,,108
385,12,5,5,5,9,5,1,1,5,0,2,4,2,10,6,72,6,0,5,11,2,0,1,2,1,2,0,8,1,2,2,0,2,2,1,0,10,0,1,1,0,0,1,5,0,0,8,,,,109
386,12,5,5,0,9,5,1,1,6,0,1,4,2,10,7,68,6,5,1,12,2,0,1,2,1,2,6,14,1,2,2,0,0,2,2,1,10,1,1,0,0,1,1,6,1,1,12,,,,116
387,13,5,5,5,9,6,1,1,8,1,2,4,2,11,7,80,6,5,7,18,2,9,1,3,1,2,6,24,1,2,2,1,2,2,2,1,13,1,1,1,1,1,2,6,1,1,15,,,,150
388,13,5,5,5,9,6,1,1,8,1,2,4,2,11,7,80,6,0,7,13,1,0,1,3,1,2,0,8,1,2,2,1,2,2,2,1,13,1,1,1,1,1,2,6,1,1,15,,,,129
389,12,5,5,4,8,3,1,1,6,1,2,4,1,10,6,69,6,0,5,11,2,0,0,2,1,0,0,5,1,2,2,1,2,2,2,1,13,0,1,0,0,0,0,6,0,1,8,,,,106
390,13,5,5,5,9,6,1,1,8,1,2,3,1,10,7,77,6,5,7,18,2,8,1,2,1,0,0,14,1,2,2,0,0,0,1,0,6,0,1,0,0,1,2,6,0,0,10,,,,125
391,13,5,5,5,9,6,1,1,8,1,2,4,2,11,7,80,6,5,7,18,2,9,1,3,1,2,6,24,1,2,2,1,2,2,2,1,13,1,1,1,1,1,2,6,0,1,14,,,,149
392,12,5,4,5,9,5,1,0,4,0,0,4,2,8,4,63,6,1,5,12,1,8,1,2,0,2,4,18,1,1,1,0,1,2,1,1,8,0,1,0,0,1,1,5,0,0,8,,,,109
393,13,5,5,5,9,6,1,1,8,1,2,4,1,11,7,79,6,5,7,18,2,0,0,3,1,2,6,14,1,2,2,1,2,2,2,1,13,1,1,1,1,1,2,6,0,1,14,,,,138
394,12,5,5,5,9,6,1,1,8,1,2,4,2,11,7,79,6,5,6,17,2,0,1,2,1,2,0,8,1,2,2,1,2,2,0,0,10,1,1,0,1,1,2,6,1,1,14,,,,128
395,12,5,5,4,0,6,1,1,7,1,2,4,2,11,7,68,6,5,0,11,2,0,0,2,1,0,0,5,1,2,2,1,2,2,1,0,11,1,1,0,0,1,2,6,0,1,12,,,,107
396,13,5,5,5,9,6,1,1,5,1,2,4,2,8,7,74,6,5,7,18,2,9,0,0,1,2,5,19,0,0,0,0,0,0,0,0,0,1,1,1,0,0,0,6,0,0,9,,,,120
397,13,5,0,5,9,6,1,1,8,1,2,4,2,11,7,75,6,5,7,18,2,9,1,3,1,2,0,18,1,2,2,1,2,2,2,1,13,1,1,1,1,1,2,6,1,1,15,,,,139
398,13,5,0,5,9,6,1,1,3,0,2,4,1,9,6,65,6,4,4,14,2,5,0,2,0,2,0,11,1,2,2,1,2,2,1,0,11,1,1,0,0,1,2,6,1,1,13,,,,114
399,13,0,5,5,9,6,1,1,8,1,2,4,2,11,7,75,6,5,6,17,1,9,1,3,0,2,0,16,1,2,2,0,0,2,1,1,9,1,1,1,0,1,1,6,0,1,12,,,,129
400,13,5,5,5,9,5,1,1,7,1,2,4,2,9,7,76,6,0,4,10,2,9,1,2,1,0,0,15,1,2,2,1,2,2,1,0,11,0,0,0,1,0,2,5,0,1,9,,,,121
401,13,5,5,4,9,6,1,1,8,1,2,4,2,9,7,77,6,0,6,12,1,9,1,3,1,2,0,17,1,2,2,1,2,2,2,1,13,1,1,1,1,1,2,6,0,1,14,,,,133
402,13,5,5,5,9,6,1,1,8,0,2,4,2,11,7,79,6,5,7,18,2,9,1,3,1,2,6,24,1,2,2,1,2,2,1,1,12,1,1,1,1,1,2,6,1,0,14,,,,147
403,13,5,5,5,9,6,1,0,8,1,1,4,2,11,7,78,6,0,5,11,2,9,1,2,1,2,0,17,1,2,2,1,2,2,2,1,13,1,1,0,0,1,2,6,0,0,11,,,,130
404,13,5,5,5,0,6,1,0,8,0,2,4,2,11,7,69,6,0,5,11,0,0,0,0,0,2,0,2,1,0,0,0,0,2,1,0,4,0,0,0,0,1,1,0,0,0,2,,,,88
405,13,5,0,5,9,6,1,1,8,1,2,4,2,11,7,75,6,0,7,13,2,9,1,3,1,1,0,17,1,2,2,1,2,2,2,1,13,1,1,1,1,1,2,6,1,1,15,,,,133
406,13,5,5,5,9,6,1,1,5,1,2,4,1,10,7,75,0,0,0,0,2,9,0,2,1,1,0,15,1,2,2,1,2,2,0,0,10,1,1,0,0,1,2,6,0,1,12,,,,112
407,13,5,5,5,9,6,1,1,6,1,2,4,1,11,7,77,6,5,5,16,1,0,1,3,1,2,5,13,1,2,2,0,0,2,0,1,8,1,1,0,0,1,2,0,0,0,5,,,,119
408,13,5,0,5,9,5,1,1,8,1,2,4,2,11,7,74,6,5,7,18,2,9,1,2,1,2,6,23,1,2,2,1,2,2,2,1,13,1,1,1,1,1,2,6,0,1,14,,,,142
409,13,5,0,4,9,6,1,1,8,1,2,4,2,11,7,74,0,5,7,12,2,9,1,3,1,2,6,24,1,2,2,0,1,2,2,1,11,1,1,1,1,1,2,0,1,1,9,,,,130
410,13,5,5,5,9,6,1,1,5,1,2,4,2,11,7,77,6,0,4,10,2,9,0,2,1,2,0,16,1,0,0,0,0,1,1,0,3,1,1,1,0,1,2,6,1,0,13,,,,119
411,0,5,5,5,6,5,0,1,8,1,2,4,2,11,7,62,6,2,7,15,2,5,0,3,1,2,0,13,1,2,2,1,2,2,2,1,13,1,1,0,0,1,2,0,1,1,7,,,,110
412,13,5,5,4,9,6,1,1,7,1,1,2,2,0,5,62,6,0,4,10,2,9,1,3,1,2,0,18,1,2,2,0,1,1,0,0,7,1,1,0,0,0,1,6,0,0,9,,,,106
413,13,5,5,5,9,6,1,1,7,1,2,4,2,9,7,77,6,3,5,14,2,9,1,2,1,0,0,15,1,2,2,1,2,2,2,1,13,1,1,1,1,1,2,6,1,1,15,,,,134
414,13,5,0,5,9,5,1,1,8,1,2,4,1,10,7,72,6,5,6,17,2,0,1,2,1,0,6,12,1,2,2,0,2,2,0,1,10,1,1,1,0,1,2,6,0,0,12,,,,123
415,13,5,5,5,9,6,1,1,8,1,2,4,2,10,7,79,6,5,5,16,2,9,1,3,1,2,6,24,1,2,2,1,2,2,2,1,13,1,1,1,1,1,2,6,1,1,15,,,,147
416,13,5,5,5,9,6,1,1,8,1,2,4,2,11,7,80,6,5,6,17,1,8,1,2,1,2,5,20,1,2,2,1,2,2,1,1,12,1,1,1,1,1,2,4,1,1,13,,,,142
417,13,5,0,5,9,6,1,1,3,1,1,0,2,11,7,65,6,0,7,13,2,7,1,3,1,2,0,16,0,2,2,1,2,2,2,1,12,0,0,0,0,1,2,6,1,0,10,,,,116
418,0,0,0,0,0,0,0,0,0,0,0,0,0,0,0,0,0,0,0,0,0,0,0,0,0,0,0,0,0,0,0,0,0,0,0,0,0,0,0,0,0,0,0,0,0,0,0,,,,0
419,13,5,5,0,9,6,1,1,8,1,2,4,2,11,0,68,6,0,0,6,2,0,0,3,1,2,6,14,1,2,2,1,2,2,2,1,13,1,1,1,0,1,2,6,1,1,14,,,,115
420,13,5,5,5,9,6,1,1,6,0,1,0,2,8,6,68,6,0,6,12,0,0,1,2,0,2,0,5,1,1,2,0,0,2,2,1,9,1,1,1,0,0,2,6,0,1,12,,,,106
421,12,5,5,5,9,6,1,1,6,1,2,4,2,9,0,68,6,0,7,13,2,0,1,2,1,2,6,14,1,2,2,1,2,2,2,1,13,1,1,1,0,0,2,0,1,1,7,,,,115
422,13,5,5,5,9,6,1,1,8,1,2,3,2,10,7,78,6,5,6,17,2,8,1,3,1,2,6,23,1,2,2,1,2,2,1,1,12,1,1,1,1,1,2,6,0,1,14,,,,144
423,13,5,5,5,9,6,1,1,8,1,2,4,2,11,7,80,6,5,7,18,2,9,1,3,1,2,6,24,1,2,2,1,2,2,2,1,13,1,1,1,1,1,2,6,1,1,15,,,,150
424,13,5,5,5,9,6,1,1,8,0,2,4,2,11,7,79,6,1,7,14,2,9,1,3,1,2,5,23,1,1,2,1,2,1,2,1,11,0,1,1,0,1,2,6,1,0,12,,,,139
425,13,5,5,5,9,6,1,1,8,1,2,4,2,11,7,80,6,1,6,13,2,0,1,2,1,2,3,11,1,2,2,1,2,2,2,1,13,1,1,1,0,1,2,6,1,1,14,,,,131
426,13,5,0,5,9,6,1,1,8,0,2,4,2,10,0,66,6,4,6,16,2,9,1,3,1,2,6,24,1,0,0,1,0,2,1,1,6,1,1,1,1,1,2,0,1,0,8,,,,120
427,13,5,5,5,9,6,1,1,8,1,2,4,2,11,7,80,6,3,5,14,1,0,0,3,0,2,0,6,1,2,2,0,2,2,2,1,12,0,1,0,0,1,2,6,0,0,10,,,,122
428,13,5,5,5,9,6,1,1,8,1,2,4,2,11,7,80,6,0,6,12,2,0,1,3,1,2,6,15,1,0,2,1,0,2,1,1,8,1,1,1,1,1,2,6,1,1,15,,,,130
429,12,5,5,5,9,6,1,1,7,1,1,4,1,11,7,76,6,5,6,17,2,9,1,2,1,2,5,22,1,2,2,1,2,2,0,1,11,1,1,1,1,1,2,6,1,1,15,,,,141
430,12,5,5,5,9,6,1,1,8,1,1,4,2,11,7,78,6,5,6,17,2,9,1,3,1,2,6,24,1,2,2,1,2,2,2,1,13,1,1,1,1,1,2,6,1,1,15,,,,147
431,13,5,5,5,8,5,1,0,7,1,2,4,2,10,6,74,6,0,5,11,2,0,1,3,1,2,0,9,1,0,2,0,0,2,0,1,6,1,1,0,0,0,1,0,0,0,3,,,,103
432,13,5,0,5,9,6,1,1,8,1,2,4,1,11,6,73,6,0,5,11,2,7,1,3,0,2,0,15,1,0,2,1,2,2,0,0,8,1,1,1,0,0,1,6,0,1,11,,,,118
433,12,5,5,5,9,6,1,1,8,1,2,4,2,9,6,76,6,0,3,9,2,9,1,2,0,1,0,15,1,2,2,0,0,2,1,1,9,0,0,1,0,0,1,0,0,0,2,,,,111
434,11,5,4,5,9,4,1,1,6,1,2,3,2,11,5,70,6,0,5,11,0,9,0,2,1,2,0,14,1,2,2,1,0,2,1,1,10,1,1,1,0,1,0,6,1,0,11,,,,116
435,13,5,5,5,9,6,1,1,7,1,2,0,2,11,7,75,6,5,7,18,0,0,0,0,0,0,0,0,1,2,2,1,2,2,0,1,11,1,1,1,1,1,2,6,1,1,15,,,,119
436,13,5,5,5,9,6,1,1,8,1,2,4,2,11,7,80,6,5,7,18,1,9,1,2,1,2,6,22,0,0,0,0,0,0,0,0,0,0,0,0,0,0,0,4,1,1,6,,,,126
437,13,5,5,5,8,6,1,1,8,1,2,4,1,11,7,78,6,0,4,10,1,0,0,2,0,0,0,3,1,0,0,1,0,2,0,1,5,1,1,0,0,1,2,6,1,1,13,,,,109
438,11,5,4,5,9,5,1,1,5,1,2,4,1,7,4,65,6,4,5,15,2,8,1,2,0,2,4,19,1,1,2,1,1,2,1,1,10,1,0,0,1,1,2,5,0,1,11,,,,120
439,13,5,5,5,9,6,1,1,8,0,2,1,2,11,6,75,6,0,4,10,0,0,0,0,0,0,0,0,1,2,2,0,0,2,2,1,10,1,1,1,0,1,2,6,1,0,13,,,,108
440,13,5,5,5,9,6,1,0,0,1,1,4,2,11,7,70,6,5,6,17,2,9,1,3,1,2,5,23,1,2,2,1,2,2,2,0,12,1,1,1,1,1,2,6,1,1,15,,,,137
441,13,5,0,5,9,6,1,1,8,1,2,4,2,11,7,75,6,5,7,18,2,0,0,0,0,2,6,10,0,2,2,1,2,2,2,1,12,0,1,1,1,1,2,6,1,1,14,,,,129
442,12,5,5,5,9,6,1,1,7,0,2,4,2,11,6,76,6,5,6,17,2,9,1,2,1,2,5,22,1,2,2,1,2,2,0,1,11,1,1,0,1,1,2,5,1,1,13,,,,139
443,13,5,5,5,9,6,1,1,0,0,2,0,2,0,0,49,6,1,5,12,1,0,0,2,0,2,5,10,1,2,2,1,2,2,0,0,10,1,1,0,0,0,0,5,0,0,7,,,,88
444,9,5,5,4,8,4,1,0,2,0,0,0,1,8,7,54,6,3,4,13,2,0,0,1,0,2,0,5,0,0,0,0,0,2,0,0,2,0,0,0,0,0,0,6,0,0,6,,,,80
445,13,5,0,5,9,6,1,1,8,0,2,4,1,11,0,66,6,1,6,13,2,9,1,2,1,2,5,22,1,2,2,1,1,2,2,0,11,1,1,0,1,1,2,5,0,0,11,,,,123
446,12,0,0,5,9,6,1,1,8,1,2,4,1,9,6,65,6,0,0,6,1,0,0,0,0,0,0,1,0,0,0,1,0,2,0,0,3,0,1,0,0,1,2,6,1,1,12,,,,87
447,13,5,5,5,9,6,1,1,8,1,2,4,2,11,7,80,0,0,6,6,1,9,1,3,1,2,0,17,1,2,2,0,2,2,0,1,10,1,1,1,1,0,2,5,1,1,13,,,,126
448,13,5,5,5,9,6,1,1,3,1,2,4,2,8,6,71,6,5,6,17,2,9,1,2,1,2,0,17,1,2,2,0,2,2,0,0,9,1,1,1,1,1,1,5,1,1,13,,,,127
449,13,5,5,5,9,4,1,1,7,0,1,4,2,11,7,75,6,5,5,16,1,8,1,2,1,2,0,15,1,1,1,1,1,2,2,1,10,1,1,1,0,1,2,0,1,1,8,,,,124
450,13,5,5,5,9,6,1,1,8,1,2,4,2,11,0,73,6,5,7,18,2,8,1,3,1,2,6,23,1,2,2,1,2,2,2,1,13,1,1,1,1,1,2,6,1,1,15,,,,142
451,13,5,0,5,9,6,1,1,6,1,2,4,2,11,6,72,6,5,7,18,1,0,1,3,1,0,0,6,1,0,0,1,0,2,2,1,7,1,1,1,1,1,2,5,1,1,14,,,,117
452,13,5,5,5,9,6,1,1,8,1,2,4,2,11,7,80,6,5,7,18,2,9,1,3,1,2,0,18,1,2,2,1,2,2,2,1,13,1,1,1,0,1,2,6,1,1,14,,,,143
453,13,5,5,5,9,6,1,1,8,1,2,4,2,11,7,80,6,5,6,17,2,9,1,3,1,2,0,18,1,2,2,1,2,2,2,1,13,1,1,1,1,1,2,6,1,1,15,,,,143
454,13,5,5,5,9,6,1,1,8,1,2,4,2,11,7,80,6,5,7,18,2,9,1,3,1,2,6,24,1,2,2,1,2,2,2,1,13,1,1,0,1,1,2,6,0,1,13,,,,148
455,13,5,5,5,9,6,1,1,8,0,2,4,2,9,7,77,6,0,6,12,2,8,1,3,1,2,5,22,1,2,2,0,0,2,0,1,8,1,1,0,0,0,2,6,1,1,12,,,,131
456,13,5,0,5,9,5,1,1,8,1,2,4,2,11,7,74,6,0,7,13,2,9,1,2,1,2,0,17,1,2,2,1,0,2,0,1,9,1,1,1,1,1,2,6,0,1,14,,,,127
457,13,5,5,5,9,6,1,1,8,1,2,4,2,11,0,73,6,3,7,16,1,0,0,3,1,0,0,5,1,0,0,1,0,2,2,1,7,1,1,1,1,1,2,6,1,1,15,,,,116
458,13,5,5,5,9,6,1,1,8,1,2,4,2,11,7,80,6,5,7,18,2,9,1,3,1,2,6,24,1,2,2,1,2,2,2,1,13,1,1,1,1,1,2,6,0,0,13,,,,148
459,13,5,5,5,9,6,1,1,8,0,2,4,2,11,7,79,6,5,7,18,1,0,0,0,0,0,0,1,1,0,0,1,0,2,2,0,6,1,1,1,1,1,2,6,1,1,15,,,,119
460,13,5,5,5,9,6,1,1,7,1,2,4,2,11,7,79,6,5,6,17,2,0,0,0,0,0,0,2,1,0,0,0,0,0,0,0,1,0,0,0,0,0,0,5,0,0,5,,,,104
461,13,5,5,5,9,6,1,1,8,1,2,4,1,11,7,79,6,3,5,14,2,0,0,3,1,2,6,14,1,2,2,0,2,2,2,1,12,1,1,0,0,0,2,6,0,0,10,,,,129
462,13,5,5,5,9,6,1,1,8,1,2,4,2,11,7,80,6,5,6,17,2,9,1,3,1,1,6,23,1,2,2,1,2,2,1,1,12,0,1,1,0,1,2,6,1,1,13,,,,145
463,13,5,5,5,8,6,1,1,8,1,2,4,2,10,6,77,6,5,0,11,2,9,1,3,1,2,3,21,1,2,2,1,2,2,0,1,11,1,1,1,1,1,2,6,1,1,15,,,,135
464,13,5,5,5,9,6,1,1,8,1,2,4,2,11,7,80,6,5,6,17,1,0,1,2,1,2,6,13,1,2,2,1,2,2,2,1,13,0,1,1,1,1,2,6,1,1,14,,,,137
465,13,5,5,5,9,6,1,1,8,1,2,4,2,11,7,80,0,5,7,12,2,9,0,2,1,1,0,15,1,2,2,1,0,2,0,1,9,1,1,0,1,1,2,6,1,1,14,,,,130
466,13,5,5,0,9,6,1,1,8,1,2,4,2,11,7,75,6,0,7,13,1,9,1,3,1,2,6,23,1,2,2,1,2,2,2,1,13,1,1,1,1,1,2,6,1,1,15,,,,139
467,10,5,0,5,9,5,1,1,7,1,2,4,2,11,6,69,6,5,6,17,2,0,1,3,1,2,0,9,1,2,2,1,2,2,1,1,12,1,1,1,0,1,2,6,1,1,14,,,,121
468,12,5,0,0,9,0,1,1,0,0,0,0,0,0,0,28,6,0,1,7,2,0,0,1,0,2,0,5,1,0,0,1,0,2,0,0,4,0,0,0,0,0,1,0,0,0,1,,,,45
469,13,0,5,5,9,6,1,1,8,1,2,4,2,7,0,64,6,5,3,14,2,0,0,3,1,2,4,12,1,2,2,1,2,2,2,1,13,1,1,1,1,1,2,0,1,1,9,,,,112
470,13,5,5,5,9,6,1,1,8,1,2,4,2,10,7,79,6,5,5,16,2,9,1,3,0,1,4,20,1,2,2,0,2,2,2,1,12,1,1,1,0,1,2,6,0,0,12,,,,139
471,13,5,5,0,9,6,1,1,8,0,2,2,2,11,7,72,6,0,0,6,1,9,1,3,1,2,0,17,1,2,2,1,2,2,1,1,12,1,1,1,0,1,2,5,0,0,11,,,,118
472,13,5,5,5,9,6,1,1,8,1,2,4,2,0,0,62,6,5,5,16,2,9,1,3,1,1,0,17,1,2,2,1,2,2,2,1,13,1,1,1,1,0,2,6,1,1,14,,,,122
473,0,0,0,5,9,5,1,1,6,0,2,4,2,0,0,35,6,5,1,12,2,0,0,3,0,2,0,7,1,2,2,0,0,2,2,0,9,1,0,1,0,0,1,4,0,0,7,,,,70
474,12,5,5,0,9,6,1,1,8,1,2,4,1,11,7,73,5,5,6,16,2,9,1,3,1,2,0,18,1,0,2,1,0,2,2,1,9,1,1,1,1,1,2,5,1,1,14,,,,130
475,0,5,0,0,9,0,1,1,8,1,1,2,0,0,0,28,6,0,1,7,2,0,0,2,0,0,0,4,1,0,0,0,0,2,0,0,3,0,0,0,0,0,1,5,0,0,6,,,,48
476,12,5,5,5,9,6,1,0,8,1,2,4,1,0,0,59,6,5,2,13,1,0,1,2,1,2,0,7,1,2,2,0,2,2,1,0,10,1,1,1,0,1,2,4,1,1,12,,,,101
477,10,5,5,5,8,6,1,1,5,1,2,3,1,8,7,68,6,5,1,12,2,9,1,2,1,0,0,15,1,2,2,0,0,2,0,0,7,1,1,0,0,1,2,4,0,0,9,,,,111
478,13,5,5,5,9,6,1,1,1,1,1,2,2,2,0,54,6,0,5,11,1,0,1,2,0,0,0,4,1,0,0,1,0,2,2,1,7,1,1,1,1,1,2,0,1,0,8,,,,84
479,13,5,5,0,9,6,1,1,6,0,1,4,1,1,7,60,6,0,1,7,2,9,1,2,0,0,0,14,1,2,2,1,2,2,2,0,12,1,1,0,0,1,2,5,0,0,10,,,,103
480,13,5,5,5,9,6,1,1,8,1,2,4,2,11,7,80,6,0,7,13,2,9,0,3,0,2,0,16,0,2,2,1,2,2,2,1,12,1,1,1,0,1,2,6,1,1,14,,,,135
481,12,0,0,5,9,6,1,1,7,0,2,0,2,11,7,63,6,5,6,17,2,0,1,2,1,2,6,14,1,2,2,1,2,2,2,0,12,1,1,0,0,1,2,5,1,1,12,,,,118
482,13,5,5,5,9,6,1,1,8,1,2,4,2,11,0,73,6,0,5,11,2,0,0,3,0,0,0,5,1,2,2,1,2,2,0,1,11,1,1,1,0,1,2,6,1,1,14,,,,114
483,12,5,5,5,9,6,1,1,6,1,2,4,2,0,0,59,6,5,5,16,1,5,1,2,0,2,6,17,1,2,2,1,2,2,1,0,11,1,1,1,1,1,2,5,1,1,14,,,,117
484,0,5,0,4,0,2,1,1,0,0,1,0,2,8,0,24,6,0,5,11,1,0,0,1,0,0,0,2,1,0,0,1,0,2,0,0,4,1,0,0,0,1,1,0,1,1,5,,,,46
485,13,5,5,5,9,6,1,1,8,1,2,4,2,11,7,80,6,0,7,13,1,0,1,3,0,0,0,5,1,0,0,0,0,2,2,1,6,1,1,1,1,1,2,0,1,0,8,,,,112
486,13,5,5,5,0,6,1,1,8,1,2,4,2,6,0,59,6,0,5,11,1,0,1,3,1,2,0,8,1,0,2,1,2,2,1,0,9,1,1,1,1,1,2,6,1,1,15,,,,102
487,13,5,4,5,9,6,1,1,8,1,2,4,2,11,0,72,6,0,7,13,2,9,1,3,1,2,6,24,1,2,2,1,2,2,2,1,13,1,1,1,1,1,2,5,1,1,14,,,,136
488,0,5,5,5,9,6,1,0,0,0,0,4,2,4,7,48,6,0,7,13,2,9,1,1,0,2,6,21,1,2,2,1,2,2,2,0,12,0,1,1,0,1,1,6,1,1,12,,,,106
489,13,5,0,5,9,6,1,1,8,1,2,4,1,11,7,74,6,0,6,12,2,9,1,2,1,2,0,17,1,2,2,1,2,2,1,1,12,1,1,1,0,1,2,0,1,1,8,,,,123
490,13,5,5,5,9,6,1,1,7,1,2,4,2,11,7,79,5,5,5,15,2,0,1,3,1,2,5,14,1,2,2,1,2,2,2,1,13,1,1,1,1,1,2,0,1,1,9,,,,130
491,13,5,0,5,9,6,1,1,8,1,2,4,2,11,7,75,6,0,5,11,2,0,0,3,0,2,4,11,1,2,2,1,2,2,2,1,13,1,1,1,0,1,2,6,1,1,14,,,,124
492,12,5,5,0,8,5,1,1,8,1,2,0,2,11,7,68,6,5,1,12,2,0,1,2,1,2,0,8,1,2,0,0,0,2,2,1,8,0,1,0,0,0,2,6,1,1,11,,,,107
493,13,5,0,0,9,6,1,1,8,0,2,4,2,11,7,69,6,0,0,6,2,0,0,0,0,0,0,2,1,0,0,1,0,2,2,0,6,1,1,0,0,0,2,6,1,1,12,,,,95
494,11,5,5,0,9,6,1,1,8,1,2,4,1,8,7,69,6,1,1,8,2,7,1,3,1,2,3,19,1,2,2,0,1,2,2,0,10,1,1,0,0,0,1,6,1,1,11,,,,117
495,13,5,5,1,9,6,1,1,1,1,2,2,2,11,4,64,5,3,1,9,1,5,1,3,1,2,5,18,1,2,2,0,2,2,2,0,11,1,1,1,0,0,1,4,0,1,9,,,,111
496,12,5,0,1,9,6,1,1,7,1,2,3,2,4,7,61,6,1,2,9,2,9,1,3,1,2,4,22,1,2,2,0,0,2,2,0,9,1,1,1,0,0,2,5,1,1,12,,,,113
497,12,5,5,5,6,5,0,1,3,0,0,0,0,6,2,50,6,0,5,11,1,0,1,2,0,0,0,4,1,0,0,0,0,1,2,0,4,0,1,0,0,0,0,4,0,0,5,,,,74
498,13,5,5,0,9,6,1,1,8,1,2,4,1,11,0,67,5,0,0,5,2,0,0,2,1,1,0,6,1,2,2,0,0,2,2,1,10,1,1,0,0,0,1,0,1,1,5,,,,93
499,12,5,5,5,8,5,1,1,1,0,2,4,2,5,7,63,6,3,4,13,1,0,0,3,0,2,6,12,1,2,2,0,0,2,2,0,9,1,1,1,0,0,2,0,1,1,7,,,,104
500,13,5,5,5,9,6,1,1,8,1,2,4,2,11,7,80,6,0,6,12,2,0,0,2,1,2,6,13,0,2,2,1,2,2,2,1,12,1,1,1,1,1,2,6,1,1,15,,,,132
501,12,5,5,5,9,6,1,1,8,1,2,4,2,11,7,79,6,3,4,13,2,0,0,3,1,2,0,8,1,2,2,0,0,2,2,1,10,0,1,1,0,0,2,6,0,1,11,,,,121
502,9,4,5,4,7,4,1,0,5,0,2,3,2,11,6,63,6,1,7,14,2,9,1,2,0,2,6,22,1,1,1,0,1,0,2,0,6,1,0,1,0,0,0,6,0,0,8,,,,113
503,13,5,5,5,9,6,1,1,8,1,2,4,2,11,7,80,6,5,6,17,2,9,1,3,1,2,0,18,1,2,2,1,0,2,0,1,9,1,1,1,1,1,2,6,1,1,15,,,,139
504,13,5,5,0,9,6,1,1,8,1,2,4,2,11,7,75,6,5,0,11,1,0,0,0,0,0,0,1,1,0,0,1,0,2,2,1,7,1,1,1,0,1,2,6,1,1,14,,,,108
505,13,5,5,5,9,6,1,1,8,1,2,4,2,11,7,80,6,5,1,12,2,9,1,3,1,2,0,18,1,2,2,0,0,2,2,1,10,1,1,1,1,1,2,6,1,1,15,,,,135
506,13,5,5,5,9,6,1,1,8,1,2,4,1,11,7,79,6,5,7,18,2,9,1,3,1,2,6,24,1,2,2,1,2,2,2,1,13,1,1,1,1,1,2,6,1,1,15,,,,149
507,13,5,5,5,9,6,1,1,6,1,2,4,2,11,7,78,6,4,6,16,2,0,1,3,1,2,5,14,1,2,2,1,2,2,1,1,12,1,1,1,1,1,2,6,1,1,15,,,,135
508,13,5,5,5,9,6,1,1,8,1,2,4,2,11,7,80,6,5,7,18,2,9,1,3,1,2,0,18,1,2,2,1,0,2,2,1,11,1,1,1,0,1,2,6,1,1,14,,,,141
509,13,5,5,5,9,4,1,0,5,1,1,3,2,10,5,69,6,1,5,12,2,9,1,2,1,2,6,23,1,2,2,1,2,2,2,0,12,1,1,0,0,1,1,6,1,1,12,,,,128
510,13,5,5,0,9,6,1,1,8,1,2,3,2,11,7,74,6,5,1,12,2,9,1,3,1,2,0,18,1,2,2,1,0,2,2,1,11,1,1,1,1,1,2,6,1,1,15,,,,130
511,13,5,5,0,9,6,1,1,4,1,2,4,2,11,7,71,6,5,1,12,1,9,1,3,1,2,6,23,1,2,2,1,2,2,2,1,13,1,1,1,1,1,2,6,1,1,15,,,,134
512,13,5,5,5,9,6,1,1,8,1,2,4,2,11,7,80,6,5,7,18,2,9,1,3,1,2,6,24,1,2,2,1,2,2,2,1,13,1,1,1,1,1,2,6,1,1,15,,,,150
513,13,5,5,5,9,6,1,1,8,1,2,4,2,11,7,80,6,0,7,13,2,0,0,3,1,2,0,8,1,2,2,1,2,2,1,1,12,1,1,1,1,1,2,0,0,0,7,,,,120
514,13,5,5,5,9,5,1,1,8,1,1,4,2,11,7,78,6,0,7,13,2,9,1,3,1,2,6,24,1,2,2,0,1,2,2,1,11,1,1,1,0,0,2,6,1,1,13,,,,139
515,13,5,5,5,9,6,1,1,8,1,2,4,2,11,7,80,6,5,7,18,2,9,1,3,1,2,6,24,1,2,2,1,2,2,2,1,13,1,1,1,1,1,2,6,1,1,15,,,,150
516,12,5,5,5,9,5,1,1,5,1,2,0,1,11,7,70,5,5,4,14,1,0,0,2,1,2,0,6,1,0,2,1,0,2,0,1,7,0,1,0,0,0,2,0,0,1,4,,,,101
517,13,5,5,5,9,6,1,1,8,1,2,4,2,10,7,79,6,5,1,12,2,9,1,1,1,2,0,16,1,2,2,1,2,2,2,1,13,0,1,1,1,0,2,0,0,0,5,,,,125
518,13,5,5,5,9,6,1,1,8,1,2,4,2,11,7,80,6,5,6,17,2,9,1,3,1,2,0,18,1,2,2,1,2,2,1,1,12,1,1,1,1,1,2,6,1,1,15,,,,142
519,13,5,5,0,0,6,1,1,8,1,2,3,2,11,7,65,6,5,0,11,2,0,0,2,0,0,0,4,1,2,0,1,2,2,2,1,11,1,1,1,1,1,2,5,1,1,14,,,,105
520,13,5,5,1,9,6,1,1,8,1,2,0,2,2,7,63,0,5,1,6,1,0,1,2,1,2,0,7,1,2,2,0,0,2,2,1,10,1,1,1,0,1,1,5,0,1,11,,,,97
521,13,5,0,5,9,6,1,1,8,1,2,0,1,11,7,70,6,5,4,15,1,0,0,0,0,0,0,1,1,0,0,1,0,2,0,1,5,1,1,1,1,1,2,0,1,1,9,,,,100
522,13,5,5,5,9,6,0,1,8,1,2,4,1,11,7,78,6,5,7,18,1,0,1,3,1,0,0,6,1,0,0,1,0,2,2,1,7,1,1,1,1,1,2,6,1,0,14,,,,123
523,13,5,5,5,9,6,1,1,8,1,2,4,2,11,7,80,6,5,7,18,1,0,0,0,0,0,0,1,1,2,2,1,2,2,2,1,13,1,1,1,1,1,2,6,1,1,15,,,,127
524,12,5,5,5,8,6,1,0,8,1,2,4,2,11,7,77,6,0,6,12,2,9,1,3,1,0,0,16,1,0,2,1,0,2,0,1,7,0,1,1,1,0,2,0,0,1,6,,,,118
525,13,5,5,5,9,6,1,1,8,1,2,4,1,11,7,79,6,5,0,11,1,0,1,3,0,2,0,7,1,2,2,1,2,2,0,1,11,1,1,0,1,1,2,6,0,0,12,,,,120
526,13,5,5,5,9,6,1,1,8,1,2,4,2,11,7,80,6,5,7,18,0,0,0,2,1,0,0,3,1,2,1,0,2,1,1,1,9,1,1,1,1,0,2,0,1,1,8,,,,118
527,13,5,5,5,9,6,1,1,8,1,2,4,1,10,7,78,6,5,7,18,2,0,1,2,1,2,5,13,1,2,2,1,2,2,2,1,13,1,1,1,1,1,2,6,1,1,15,,,,137
528,13,5,0,0,0,3,1,1,6,0,1,3,2,9,5,49,0,0,0,0,1,0,1,2,1,2,0,7,1,2,2,1,2,2,1,0,11,1,1,0,0,1,2,5,1,1,12,,,,79
529,13,5,5,5,9,6,1,1,5,1,2,3,2,3,6,67,6,0,4,10,2,0,0,1,0,2,0,5,1,2,2,0,2,2,1,1,11,0,1,0,1,0,1,6,1,1,11,,,,104
530,13,5,0,5,9,5,1,1,0,1,1,0,2,11,7,61,0,0,1,1,1,0,1,3,0,0,0,5,1,0,0,1,0,1,1,0,4,0,1,0,1,1,1,0,0,1,5,,,,76
531,13,5,5,0,9,6,1,1,8,1,2,4,2,11,7,75,6,5,7,18,2,9,1,3,1,2,6,24,0,2,2,1,2,2,2,1,12,0,1,1,1,1,2,6,1,1,14,,,,143
532,13,5,5,5,9,6,1,1,8,1,2,4,2,11,7,80,6,5,5,16,2,9,1,2,0,2,6,22,1,2,2,0,2,2,0,1,10,0,0,0,0,0,1,5,1,1,8,,,,136
533,12,5,5,5,9,6,1,1,8,1,2,4,2,10,7,78,6,0,7,13,2,9,1,2,1,2,6,23,1,2,2,1,2,2,2,1,13,1,1,0,0,1,2,6,1,1,13,,,,140
534,13,5,5,5,9,6,1,1,8,1,2,4,2,11,7,80,6,5,6,17,2,9,1,3,1,2,6,24,1,2,2,1,2,2,2,1,13,1,1,1,1,1,2,6,1,1,15,,,,149
535,13,5,5,5,9,6,1,1,8,1,2,4,2,11,7,80,6,5,4,15,1,0,1,2,1,2,0,7,1,0,2,1,0,2,0,0,6,1,1,0,0,0,1,0,0,0,3,,,,111
536,13,5,5,0,9,6,1,1,7,1,2,2,2,11,7,72,6,5,0,11,1,9,1,3,1,2,0,17,1,2,2,0,0,2,2,0,9,1,1,1,1,1,2,0,0,0,7,,,,116
537,13,5,5,5,9,6,1,1,1,1,2,0,2,11,7,69,5,0,1,6,1,0,1,3,0,0,0,5,1,0,0,1,0,0,1,0,3,0,1,0,1,1,1,0,0,1,5,,,,88
538,13,5,5,0,9,6,1,1,6,1,2,4,2,11,0,66,6,5,1,12,2,9,0,2,0,2,6,21,1,2,2,1,1,2,0,1,10,1,1,0,1,1,2,5,0,0,11,,,,120
539,12,5,0,5,9,6,1,0,6,0,1,4,2,10,7,68,6,5,6,17,2,9,1,3,1,2,5,23,1,2,2,1,1,2,0,1,10,1,1,0,0,1,2,5,0,0,10,,,,128
540,12,5,5,4,9,6,1,1,8,1,1,4,1,10,7,75,6,4,5,15,2,0,0,2,1,2,0,7,1,2,2,1,2,1,1,1,11,0,1,1,1,1,2,6,1,1,14,,,,122
541,12,5,5,5,9,5,1,1,8,1,2,4,1,10,6,75,6,5,4,15,2,0,0,3,1,2,0,8,1,2,2,1,2,2,0,1,11,1,1,1,0,1,2,6,1,1,14,,,,123
542,13,5,5,5,9,6,1,1,8,1,2,4,2,11,7,80,6,5,7,18,1,9,1,3,1,2,6,23,1,2,2,1,2,2,2,1,13,1,1,1,1,1,2,6,1,1,15,,,,149
543,13,5,5,5,9,6,1,1,8,1,2,4,2,11,7,80,6,5,5,16,2,9,1,3,1,2,6,24,1,2,2,1,2,2,2,1,13,1,1,1,1,1,2,6,1,1,15,,,,148
544,13,5,5,5,9,6,1,1,8,1,2,4,2,11,7,80,6,5,7,18,2,9,1,3,1,2,0,18,1,2,2,1,2,2,1,1,12,1,1,1,1,1,2,6,0,1,14,,,,142
545,13,5,5,5,9,6,1,1,0,1,2,4,1,10,7,70,6,3,5,14,1,8,1,2,0,2,0,14,1,1,2,0,0,2,0,1,7,1,1,0,0,0,2,0,0,1,5,,,,110
546,13,5,5,5,9,6,1,1,8,1,2,4,2,11,7,80,6,5,5,16,2,9,1,3,1,2,6,24,1,2,2,1,2,2,1,1,12,1,1,1,1,1,2,6,1,1,15,,,,147
547,13,5,5,5,9,6,1,1,8,1,2,4,1,11,7,79,6,5,5,16,2,9,1,2,1,2,6,23,1,0,0,1,0,2,1,1,6,1,1,1,1,1,2,0,1,1,9,,,,133
548,13,5,5,5,9,6,1,1,8,1,2,4,2,11,7,80,6,5,7,18,2,9,1,3,1,2,6,24,1,2,2,1,2,2,2,1,13,1,1,1,1,1,2,6,1,1,15,,,,150
549,13,5,5,5,9,6,1,1,7,1,1,4,2,11,7,78,6,2,5,13,2,9,1,2,1,2,4,21,1,1,2,1,1,2,1,1,10,1,1,1,1,1,2,5,1,1,14,,,,136
550,13,5,5,5,9,6,1,1,8,1,2,4,2,11,7,80,6,5,7,18,2,9,1,2,1,2,0,17,1,2,2,1,2,2,2,1,13,1,1,1,1,1,2,6,1,1,15,,,,143
551,13,5,5,5,9,6,1,1,8,1,2,4,2,11,7,80,6,5,7,18,2,9,1,3,1,2,6,24,1,2,2,1,2,2,2,1,13,1,1,1,1,1,2,6,1,1,15,,,,150
552,13,5,5,5,9,6,1,1,8,1,2,4,2,11,7,80,6,5,7,18,2,9,1,3,1,2,6,24,1,0,2,1,2,2,2,1,11,1,1,1,1,1,2,6,1,1,15,,,,148
553,13,5,5,5,9,6,1,1,8,1,2,4,1,11,7,79,6,5,0,11,0,9,0,2,1,0,0,12,1,0,0,1,0,2,0,1,5,1,1,0,1,1,2,6,1,1,14,,,,121
554,13,5,1,5,9,0,1,1,6,0,0,3,2,0,0,46,6,2,1,9,2,9,1,3,1,2,0,18,1,2,2,1,2,2,1,0,11,1,1,1,0,1,2,5,1,0,12,,,,96
555,12,0,5,5,8,5,1,1,8,1,2,4,2,11,7,72,6,5,6,17,0,5,0,0,0,0,0,5,1,0,0,1,0,2,2,1,7,0,1,1,0,1,2,0,1,1,7,,,,108
556,13,5,5,5,9,3,1,1,5,1,2,4,2,11,7,74,6,0,5,11,2,9,1,3,1,2,0,18,1,2,2,0,1,2,0,0,8,1,1,1,1,1,2,0,1,1,9,,,,120
557,13,5,5,5,8,6,1,1,7,0,2,4,2,11,6,76,0,0,5,5,2,0,1,3,1,2,0,9,1,2,2,0,2,2,1,0,10,1,1,0,0,1,2,6,1,1,13,,,,113
558,13,5,5,5,9,6,1,1,8,1,2,4,2,11,7,80,6,5,7,18,2,9,1,3,1,2,6,24,1,2,2,1,2,2,2,1,13,1,1,1,1,1,2,6,1,1,15,,,,150
559,11,5,5,5,9,4,1,0,7,1,2,0,2,10,7,69,6,0,4,10,0,0,0,2,0,0,0,2,1,0,0,1,0,2,0,1,5,1,0,1,1,1,2,0,1,1,8,,,,94
560,12,5,5,5,0,6,1,1,8,1,2,3,2,11,7,69,6,5,7,18,1,0,1,2,0,2,0,6,1,2,2,1,2,2,2,1,13,1,1,0,0,1,2,5,1,1,12,,,,118
561,12,5,0,5,0,5,1,1,0,0,2,4,2,1,6,44,6,4,4,14,1,0,0,0,0,0,0,1,1,0,0,0,0,2,1,0,4,1,1,1,0,1,0,5,0,1,10,,,,73
562,13,5,5,5,0,6,1,0,0,1,2,4,2,11,7,62,6,0,6,12,1,0,0,3,0,1,0,5,1,2,1,0,2,2,1,0,9,1,1,1,1,1,2,0,1,1,9,,,,97
563,13,5,5,5,9,6,1,1,8,1,2,4,1,11,7,79,6,5,6,17,2,9,1,2,1,2,0,17,1,2,2,1,2,2,2,1,13,1,1,0,1,1,2,5,1,0,12,,,,138
564,13,5,5,0,7,5,0,1,5,1,2,1,1,11,5,62,5,5,1,11,2,8,1,2,0,2,6,21,1,2,2,1,2,2,2,1,13,0,1,0,0,1,2,6,1,0,11,,,,118
565,13,5,0,0,0,5,1,0,0,1,0,4,2,0,0,31,6,5,1,12,2,0,0,2,0,2,0,6,1,2,2,0,0,2,0,1,8,1,0,0,1,1,2,5,0,1,11,,,,68
566,0,5,5,5,8,6,1,1,8,1,2,4,2,11,7,66,6,0,6,12,2,9,0,3,1,2,6,23,0,0,0,0,0,0,0,0,0,0,0,0,0,1,2,0,1,1,5,,,,106
567,13,5,5,0,9,5,1,1,7,1,1,4,1,11,1,65,6,5,1,12,0,0,0,2,1,2,0,5,1,2,2,1,2,2,2,1,13,1,1,0,1,0,2,6,0,1,12,,,,107
568,13,5,5,5,9,6,1,1,4,1,2,4,1,11,7,75,0,0,6,6,1,0,0,2,1,0,0,4,1,0,0,1,0,2,0,1,5,1,1,1,1,1,2,6,1,0,14,,,,104
569,13,5,0,0,9,6,1,1,8,1,2,4,2,9,7,68,6,5,0,11,1,0,1,3,0,2,0,7,1,2,2,1,2,2,1,1,12,1,1,1,1,1,2,5,1,1,14,,,,112
570,0,0,0,0,0,0,0,0,0,0,1,0,2,0,0,3,6,5,1,12,1,0,0,0,0,0,0,1,1,0,0,0,0,2,0,0,3,0,0,1,0,0,1,0,0,0,2,,,,21
571,13,5,5,5,9,6,1,1,7,1,2,4,2,11,7,79,6,5,4,15,2,9,1,3,1,2,6,24,1,2,2,1,2,2,2,1,13,1,1,1,1,1,2,6,1,1,15,,,,146
572,13,5,4,1,9,6,1,1,8,1,2,4,2,11,7,75,6,5,1,12,2,0,1,2,1,2,0,8,1,2,2,1,2,2,1,1,12,1,1,1,1,1,2,0,1,1,9,,,,116
573,13,5,5,4,9,6,1,1,6,0,2,4,2,11,6,75,6,5,4,15,2,9,1,3,1,2,0,18,1,2,2,1,0,2,1,1,10,1,1,0,1,1,2,5,1,1,13,,,,131
574,12,5,4,5,8,5,1,1,4,1,1,4,1,9,4,65,6,4,5,15,2,0,1,2,1,2,0,8,1,1,2,0,0,2,2,1,9,0,1,0,0,1,2,5,0,1,10,,,,107
575,13,5,5,5,9,6,1,1,8,1,2,4,2,11,7,80,6,5,7,18,2,0,1,3,1,1,0,8,1,2,2,1,2,2,2,1,13,1,1,1,1,1,2,6,1,1,15,,,,134
576,13,5,5,5,9,6,1,1,8,1,2,4,2,10,7,79,6,5,6,17,2,9,1,3,1,2,6,24,1,2,2,1,2,2,2,1,13,1,1,1,1,1,2,6,1,1,15,,,,148
577,13,5,5,5,9,6,1,1,5,1,2,4,2,11,7,77,6,5,5,16,2,9,1,2,1,2,0,17,1,2,2,1,2,2,1,1,12,1,1,1,0,1,2,0,1,1,8,,,,130
578,13,0,0,5,9,6,1,1,8,1,2,4,2,11,7,70,6,5,7,18,2,9,1,3,1,2,6,24,0,2,2,1,2,2,2,1,12,0,1,1,1,1,2,6,1,1,14,,,,138
579,13,5,5,5,9,6,1,1,4,1,2,2,1,8,0,63,6,0,5,11,1,9,1,2,0,2,3,18,1,2,2,0,2,2,0,0,9,1,1,0,0,1,2,5,0,0,10,,,,111
580,13,5,5,0,1,6,1,1,8,1,2,4,2,0,0,49,6,5,1,12,2,9,1,3,1,2,3,21,1,2,2,0,2,2,1,0,10,1,1,1,1,1,2,5,1,1,14,,,,106
581,13,5,5,0,9,6,1,1,0,0,2,0,2,0,0,44,6,0,0,6,0,0,0,0,0,0,0,0,1,0,0,1,0,0,0,0,2,0,0,0,0,1,2,6,0,1,10,,,,62
582,13,5,5,5,9,6,1,1,8,0,2,4,2,11,6,78,6,5,4,15,2,8,1,2,1,2,0,16,1,2,2,1,2,2,1,1,12,1,1,0,1,1,2,0,0,1,7,,,,128
583,13,5,5,5,9,6,1,1,8,1,2,4,2,11,7,80,6,5,7,18,2,9,1,3,1,2,0,18,1,2,2,1,1,2,2,1,12,1,0,1,1,1,2,0,0,0,6,,,,134
584,13,5,5,5,9,6,1,0,7,1,1,1,2,11,7,74,6,5,6,17,2,9,1,3,1,2,5,23,1,2,2,0,2,2,2,0,11,1,1,1,0,1,1,6,0,0,11,,,,136
585,13,5,1,5,8,6,1,1,7,1,2,4,2,10,7,73,6,5,5,16,2,9,1,2,1,2,5,22,1,2,2,1,2,2,1,1,12,1,1,1,1,1,2,6,0,1,14,,,,137
586,13,5,5,5,9,6,1,1,4,1,2,4,2,11,7,76,6,2,5,13,1,0,0,2,1,2,0,6,1,2,2,0,2,2,1,1,11,1,1,0,0,1,2,5,1,1,12,,,,118
587,13,5,5,5,9,6,1,1,5,1,2,4,2,11,7,77,6,0,6,12,0,0,0,0,0,0,0,0,1,0,0,0,0,2,0,1,4,1,1,0,1,0,1,5,1,1,11,,,,104
588,13,5,0,5,9,6,0,1,7,0,2,4,2,8,7,69,6,5,0,11,0,0,0,0,0,0,0,0,1,0,0,0,0,1,1,1,4,1,0,1,0,0,1,5,0,0,8,,,,92
589,13,0,5,5,9,6,1,1,7,1,2,4,1,11,7,73,6,1,5,12,2,0,1,2,1,2,0,8,1,2,2,0,2,2,1,1,11,1,1,0,1,1,2,0,1,1,8,,,,112
590,13,5,5,5,9,6,1,1,0,1,2,0,2,10,7,67,6,0,3,9,1,0,0,2,0,0,0,3,1,0,0,0,0,2,0,0,3,0,0,0,0,0,1,0,0,0,1,,,,83
591,13,5,5,5,9,5,1,1,7,0,2,2,1,11,6,73,6,0,7,13,2,0,0,2,0,2,6,12,1,2,2,0,0,2,0,0,7,0,1,1,0,0,0,5,0,0,7,,,,112
592,13,5,5,5,9,6,1,0,8,1,2,3,2,10,6,76,6,5,5,16,2,8,1,3,1,2,4,21,1,2,2,1,2,2,2,1,13,0,0,1,0,0,1,6,0,0,8,,,,134
593,13,5,1,0,0,5,1,0,6,1,1,0,2,0,0,35,5,0,1,6,2,0,0,3,0,0,0,5,1,0,0,0,0,1,0,0,2,1,1,0,0,0,1,0,0,0,3,,,,51
594,11,5,5,5,9,6,1,1,0,1,2,4,1,10,7,68,6,5,7,18,2,9,0,2,1,2,0,16,0,2,0,1,0,2,2,1,8,0,1,1,0,1,2,6,1,1,13,,,,123
595,9,5,5,5,8,5,1,1,6,0,2,0,1,8,7,63,5,4,3,12,0,0,0,0,0,0,0,0,1,2,0,0,0,1,1,0,5,1,0,0,0,0,2,5,0,1,9,,,,89
596,12,5,5,5,7,5,1,1,6,1,2,3,2,8,7,70,6,5,5,16,2,9,1,2,1,0,0,15,1,2,2,1,2,2,1,1,12,1,1,1,1,1,2,6,0,1,14,,,,127
597,13,5,0,5,9,6,1,1,3,0,0,0,1,11,6,61,6,4,3,13,2,8,1,3,0,0,0,14,1,0,0,0,0,2,0,0,3,1,0,0,0,0,2,6,0,0,9,,,,100
598,13,0,0,5,9,6,1,1,6,1,2,0,2,10,7,63,6,2,4,12,0,0,0,0,0,0,0,0,1,0,0,0,0,2,0,1,4,0,1,1,0,1,1,0,0,1,5,,,,84
599,12,5,5,5,8,5,1,1,7,1,2,4,2,9,7,74,0,5,5,10,2,0,0,3,1,2,6,14,1,2,2,1,0,2,1,1,10,0,1,0,0,1,2,6,0,0,10,,,,118
600,13,5,5,5,9,6,1,1,8,1,2,4,2,11,7,80,6,5,7,18,2,9,1,3,1,2,0,18,1,2,2,1,2,2,1,1,12,1,0,1,0,1,2,6,1,1,13,,,,141
601,13,5,5,5,9,6,1,1,8,1,2,4,1,0,7,68,6,5,2,13,2,5,0,0,0,2,3,12,0,0,0,0,0,0,0,0,0,0,0,0,0,0,2,6,0,0,8,,,,101
602,13,4,5,5,9,6,1,1,5,1,2,4,1,9,7,73,6,4,5,15,2,8,1,2,0,2,0,15,1,2,2,0,0,0,1,0,6,0,0,0,0,1,1,0,0,0,2,,,,111
603,13,5,5,5,9,6,1,1,7,1,2,4,2,10,7,78,6,5,7,18,2,0,1,2,1,2,0,8,1,2,2,1,1,2,2,1,12,0,1,1,1,1,2,6,1,1,14,,,,130
604,11,5,4,5,9,5,1,1,7,1,2,4,1,9,7,72,6,4,3,13,1,0,1,3,1,2,4,12,1,2,2,1,2,2,2,1,13,1,1,1,0,1,2,6,1,0,13,,,,123
605,11,5,5,4,8,5,1,1,2,1,2,1,2,9,7,64,6,5,4,15,1,8,1,3,1,2,5,21,1,2,2,1,2,2,1,0,11,1,1,0,1,1,2,6,0,1,13,,,,124
606,13,5,0,5,7,5,1,1,5,1,0,2,2,8,6,61,6,4,3,13,1,0,0,2,1,2,0,6,1,2,2,1,0,2,2,0,10,1,0,0,0,0,2,0,0,0,3,,,,93
607,13,5,0,5,9,6,1,1,8,1,2,4,2,11,7,75,6,5,6,17,1,0,1,3,1,2,5,13,1,2,2,1,2,2,2,1,13,1,1,1,1,1,2,6,1,1,15,,,,133
608,12,5,5,4,8,5,1,1,8,1,2,4,2,10,7,75,5,4,4,13,2,0,1,3,1,2,0,9,1,2,2,1,2,2,2,1,13,0,0,1,0,1,1,6,1,0,10,,,,120
609,11,5,4,4,9,5,1,1,6,0,2,4,1,10,7,70,6,4,6,16,1,9,1,3,1,2,0,17,1,0,2,1,0,2,2,1,9,0,1,1,0,1,2,6,0,1,12,,,,124
610,13,5,0,5,9,6,1,1,8,0,2,4,2,10,7,73,6,5,4,15,1,0,1,3,0,2,0,7,1,2,0,1,2,2,2,1,11,1,1,1,0,1,2,6,1,1,14,,,,120
611,13,5,0,5,7,6,0,1,5,1,1,0,2,0,7,53,6,0,1,7,0,0,0,0,0,0,0,0,0,0,0,0,0,0,0,0,0,1,0,0,0,0,0,5,0,0,6,,,,66
612,12,5,0,4,8,5,1,1,6,1,2,4,2,0,7,58,6,5,5,16,1,0,1,3,1,2,0,8,1,2,2,0,0,2,1,0,8,1,1,1,1,1,2,5,1,1,14,,,,104
613,13,5,0,5,9,6,1,1,8,1,2,4,2,3,0,60,6,5,6,17,1,0,0,2,0,0,0,3,1,0,0,0,0,2,0,0,3,1,1,1,0,1,2,5,1,0,12,,,,95
614,11,5,5,5,9,6,1,1,8,1,2,4,2,11,0,71,6,5,5,16,1,0,0,2,0,0,0,3,1,0,0,1,0,2,1,1,6,1,1,1,0,1,2,6,0,0,12,,,,108
615,13,5,5,5,9,6,0,1,8,1,0,0,1,0,7,61,4,0,3,7,1,0,0,0,0,0,0,1,1,2,0,0,0,0,0,0,3,0,0,0,0,0,0,5,0,0,5,,,,77
616,12,5,5,5,9,5,1,1,8,1,2,4,1,11,7,77,6,5,7,18,2,9,1,3,1,2,0,18,1,2,2,0,0,2,2,1,10,0,1,0,0,1,2,6,0,1,11,,,,134
617,13,5,5,5,8,6,1,1,8,1,2,4,2,11,7,79,6,5,6,17,2,9,1,3,1,2,0,18,1,2,2,1,2,2,1,1,12,1,1,1,1,1,2,0,1,1,9,,,,135
618,13,5,5,5,9,5,1,1,6,1,2,4,2,10,6,75,6,5,0,11,2,8,1,2,0,0,5,18,0,0,0,0,0,0,0,0,0,0,0,0,0,1,0,6,0,0,7,,,,111
619,13,5,5,5,9,5,1,1,8,1,2,2,2,11,7,77,6,5,4,15,2,0,1,2,1,0,0,6,1,0,0,0,0,2,2,1,6,1,1,1,1,1,2,0,1,0,8,,,,112
620,0,5,0,5,9,6,1,1,8,1,2,4,2,11,7,62,6,5,7,18,2,0,1,3,1,2,6,15,1,2,2,1,2,2,2,1,13,1,1,1,1,1,2,5,0,1,13,,,,121
621,13,5,4,5,7,5,1,1,3,0,2,2,1,8,4,61,6,3,5,14,2,8,1,2,1,2,4,20,1,2,2,0,2,2,2,1,12,1,1,0,1,0,2,5,0,0,10,,,,117
622,13,5,5,5,9,6,1,1,6,1,2,4,2,11,7,78,6,5,6,17,2,8,1,3,1,2,3,20,1,2,2,1,2,2,1,0,11,1,1,1,1,1,2,6,1,1,15,,,,141
623,13,5,0,5,9,6,1,1,8,1,2,4,1,9,7,72,6,5,4,15,1,9,1,2,1,2,0,16,1,1,1,1,0,2,0,1,7,0,1,1,1,1,1,6,0,0,11,,,,121
624,13,5,5,5,9,6,1,1,8,1,2,4,2,11,7,80,6,5,7,18,2,9,1,3,1,2,6,24,1,2,2,1,2,2,2,1,13,1,1,1,1,1,2,6,1,1,15,,,,150
625,13,5,5,5,9,6,1,1,8,1,2,4,2,11,7,80,6,2,5,13,1,9,1,3,1,2,0,17,0,2,2,1,2,2,2,1,12,0,1,1,0,1,2,0,0,1,6,,,,128
626,13,0,0,5,9,6,1,1,8,1,2,4,1,10,6,67,6,2,5,13,0,0,0,0,0,0,0,0,1,0,0,1,0,2,2,1,7,1,1,1,0,1,2,0,1,1,8,,,,95
627,12,5,0,5,9,6,1,1,7,1,2,4,2,10,0,65,6,5,6,17,1,0,1,3,1,2,5,13,1,2,2,1,2,2,1,1,12,1,1,1,1,1,2,5,1,1,14,,,,121
628,13,5,4,5,9,6,1,1,7,0,2,4,1,10,6,74,6,5,5,16,2,9,1,2,1,2,0,17,1,0,0,1,0,2,2,1,7,1,0,0,1,1,1,0,1,1,6,,,,120
629,13,5,5,5,9,6,1,1,8,1,2,4,1,11,7,79,6,5,7,18,0,0,1,3,1,2,0,7,1,2,2,1,2,2,2,1,13,1,1,1,1,1,2,6,1,1,15,,,,132
630,13,5,5,5,9,6,1,1,8,1,2,4,2,11,7,80,6,5,7,18,2,9,1,3,1,2,6,24,0,2,2,1,2,2,2,1,12,0,1,1,1,1,2,6,1,1,14,,,,148
631,13,5,5,5,9,6,1,1,8,1,2,4,2,11,7,80,6,5,7,18,2,9,1,3,1,2,6,24,1,2,2,1,2,2,2,1,13,1,1,1,1,1,2,6,1,1,15,,,,150
632,12,5,5,4,7,4,1,0,6,1,2,4,1,11,7,70,6,0,2,8,2,9,1,2,0,2,4,20,1,2,2,1,0,2,0,1,9,1,0,1,1,1,0,0,1,1,6,,,,113
633,13,5,5,5,9,6,1,1,8,1,2,4,1,11,7,79,6,0,5,11,2,9,1,3,1,2,0,18,1,2,2,1,2,2,2,1,13,1,1,1,1,1,2,6,1,1,15,,,,136
634,13,5,5,5,9,6,1,1,8,1,2,4,2,11,7,80,6,0,5,11,2,9,1,3,1,2,0,18,1,2,2,1,2,2,1,1,12,1,1,1,1,1,2,6,1,1,15,,,,136
635,13,5,5,5,9,6,1,1,8,1,2,4,1,11,7,79,6,5,7,18,2,9,1,3,1,2,6,24,1,2,2,1,2,2,1,1,12,1,1,1,0,1,2,6,1,1,14,,,,147
636,13,5,5,5,9,6,1,1,8,1,2,4,2,11,7,80,6,5,5,16,2,9,1,3,1,2,0,18,1,2,2,1,2,2,2,1,13,1,1,1,1,1,2,6,1,1,15,,,,142
637,13,5,5,5,0,5,1,1,7,1,2,4,2,8,4,63,4,4,4,12,1,0,1,3,0,2,0,7,1,2,2,0,2,2,2,0,11,1,1,1,0,0,1,0,1,0,5,,,,98
638,10,5,4,4,7,4,1,0,7,1,2,4,1,9,6,65,6,4,3,13,2,8,1,3,1,2,5,22,1,2,2,0,1,2,1,1,10,1,1,1,0,0,1,6,0,1,11,,,,121
639,13,5,5,5,9,6,1,1,8,1,2,4,2,11,0,73,6,5,7,18,2,9,1,0,0,0,0,12,1,2,0,0,0,2,0,1,6,1,1,0,1,1,2,5,1,1,13,,,,122
640,13,5,0,5,8,4,1,1,6,0,1,4,2,9,6,65,6,0,5,11,1,0,0,2,0,2,0,5,1,2,2,1,0,2,1,1,10,1,1,0,1,1,2,0,1,0,7,,,,98
641,13,5,5,5,8,6,1,1,8,1,2,4,1,9,7,76,6,5,5,16,1,9,1,2,1,0,0,14,1,2,2,1,2,2,0,1,11,1,1,0,0,1,1,6,0,0,10,,,,127
642,13,5,4,5,0,5,1,1,5,0,2,4,1,8,1,55,6,0,5,11,1,0,1,2,0,2,0,6,1,2,1,0,2,2,2,1,11,1,0,0,1,1,2,5,0,0,10,,,,93
643,13,5,5,5,8,6,1,1,3,1,2,4,2,10,0,66,6,1,3,10,2,0,1,2,1,2,5,13,1,2,2,1,0,2,2,1,11,1,1,1,1,1,2,5,1,1,14,,,,114
644,13,4,5,0,0,6,1,1,8,1,2,4,2,11,5,63,6,5,1,12,2,0,0,2,1,2,0,7,1,2,2,1,2,2,2,1,13,1,1,1,1,1,2,0,1,1,9,,,,104
645,13,5,0,5,9,6,1,1,8,1,2,4,2,11,7,75,6,5,6,17,2,0,0,0,0,0,0,2,1,0,0,1,0,2,0,0,4,1,1,1,1,0,2,6,0,0,12,,,,110
646,13,5,5,5,9,5,1,1,8,1,2,4,1,10,7,77,6,5,3,14,2,0,0,3,1,2,0,8,1,2,2,1,0,2,2,1,11,1,1,1,0,1,1,0,1,1,7,,,,117
647,13,5,5,5,9,6,1,1,8,1,2,4,2,11,7,80,6,5,7,18,0,0,0,0,0,0,0,0,1,0,0,1,0,2,1,0,5,1,1,0,0,0,0,5,1,0,8,,,,111
648,13,0,0,5,9,6,1,1,8,1,2,4,2,11,5,68,6,5,5,16,0,0,0,0,0,0,0,0,0,0,0,1,0,2,0,1,4,1,1,1,1,1,2,6,1,1,15,,,,103
649,12,5,5,5,9,5,1,1,8,1,2,4,1,9,6,74,6,0,4,10,2,0,1,3,1,2,0,9,1,0,0,1,0,2,0,1,5,1,1,0,0,0,1,5,1,1,10,,,,108
650,13,5,0,5,9,6,1,1,8,1,2,4,2,11,7,75,6,5,0,11,1,9,0,3,1,1,0,15,1,2,2,1,2,2,2,1,13,1,1,1,1,1,2,6,1,1,15,,,,129
651,13,5,5,5,9,6,1,1,8,0,2,4,2,11,7,79,6,5,7,18,2,9,1,3,1,2,0,18,1,2,2,1,2,2,1,1,12,1,1,1,1,1,2,6,1,1,15,,,,142